bucket,datetime,trade_count,size_sum,amount_sum,vwap,avg_trade_size,max_trade_size,midpoint,midpoint_return,abs_midpoint_return,spread,spread_pct,bid_depth_top5,ask_depth_top5,total_depth,depth_change,depth_imbalance,depth_drop,abs_depth_imbalance,z_trade_count,z_amount_sum,z_avg_trade_size,z_spread,z_depth_drop,z_abs_midpoint_return,z_abs_depth_imbalance,activity_score,liquidity_score,price_dislocation_score,stress_score,is_stress_anomaly,market_file,market_stem
1770625380,2026-02-09 08:23:00,1,10000.0,30.0,0.0029999999999997,30.0,,,0.0,0.0,,0.0,,,,0.0,,-0.0,,0.0,0.0,0.0,0.0,0.0,0.0,0.0,0.0,0.0,0.0,0.0,False,1303357_YES.csv,1303357_YES
1770630120,2026-02-09 09:42:00,1,10000.0,20.0,0.0019999999999998,20.0,,,0.0,0.0,,0.0,,,,0.0,,-0.0,,0.0,0.0,0.0,0.0,0.0,0.0,0.0,0.0,0.0,0.0,0.0,False,1303357_YES.csv,1303357_YES
1770631080,2026-02-09 09:58:00,1,7953.333332,23.86,0.003000000000502522,23.86,,,0.0,0.0,,0.0,,,,0.0,,-0.0,,0.0,0.0,0.0,0.0,0.0,0.0,0.0,0.0,0.0,0.0,0.0,False,1303357_YES.csv,1303357_YES
1770654300,2026-02-09 16:25:00,1,5000.0,15.0,0.0029999999999994,15.0,,,0.0,0.0,,0.0,,,,0.0,,-0.0,,0.0,0.0,0.0,0.0,0.0,0.0,0.0,0.0,0.0,0.0,0.0,False,1303357_YES.csv,1303357_YES
1770656220,2026-02-09 16:57:00,1,13019.16,39.05748,0.0029999999999997693,39.05748,,,0.0,0.0,,0.0,,,,0.0,,-0.0,,0.0,0.0,0.0,0.0,0.0,0.0,0.0,0.0,0.0,0.0,0.0,False,1303357_YES.csv,1303357_YES
1770667260,2026-02-09 20:01:00,1,13210.16,39.63048,0.002999999999999773,39.63048,,,0.0,0.0,,0.0,,,,0.0,,-0.0,,0.0,0.0,0.0,0.0,0.0,0.0,0.0,0.0,0.0,0.0,0.0,False,1303357_YES.csv,1303357_YES
1770685020,2026-02-10 00:57:00,1,250.0,1.0,0.003999999999984,1.0,,,0.0,0.0,,0.0,,,,0.0,,-0.0,,0.0,0.0,0.0,0.0,0.0,0.0,0.0,0.0,0.0,0.0,0.0,False,1303357_YES.csv,1303357_YES
1770688620,2026-02-10 01:57:00,1,572.0,2.2880000000000003,0.003999999999993007,2.2880000000000003,,,0.0,0.0,,0.0,,,,0.0,,-0.0,,0.0,0.0,0.0,0.0,0.0,0.0,0.0,0.0,0.0,0.0,0.0,False,1303357_YES.csv,1303357_YES
1770697200,2026-02-10 04:20:00,1,572.0,2.2880000000000003,0.003999999999993007,2.2880000000000003,,,0.0,0.0,,0.0,,,,0.0,,-0.0,,0.0,0.0,0.0,0.0,0.0,0.0,0.0,0.0,0.0,0.0,0.0,False,1303357_YES.csv,1303357_YES
1770708180,2026-02-10 07:23:00,1,1144.0,3.432,0.0029999999999973776,3.432,,,0.0,0.0,,0.0,,,,0.0,,-0.0,,0.0,0.0,0.0,0.0,0.0,0.0,0.0,0.0,0.0,0.0,0.0,False,1303357_YES.csv,1303357_YES
1770708240,2026-02-10 07:24:00,1,572.0,2.2880000000000003,0.003999999999993007,2.2880000000000003,,,0.0,0.0,,0.0,,,,0.0,,-0.0,,0.0,0.0,0.0,0.0,0.0,0.0,0.0,0.0,0.0,0.0,0.0,False,1303357_YES.csv,1303357_YES
1770708480,2026-02-10 07:28:00,1,572.0,1.716,0.002999999999994755,1.716,,,0.0,0.0,,0.0,,,,0.0,,-0.0,,0.0,0.0,0.0,0.0,0.0,0.0,0.0,0.0,0.0,0.0,0.0,False,1303357_YES.csv,1303357_YES
1770708540,2026-02-10 07:29:00,1,572.0,2.2880000000000003,0.003999999999993007,2.2880000000000003,,,0.0,0.0,,0.0,,,,0.0,,-0.0,,0.0,0.0,0.0,0.0,0.0,0.0,0.0,0.0,0.0,0.0,0.0,False,1303357_YES.csv,1303357_YES
1770709080,2026-02-10 07:38:00,1,572.0,1.716,0.002999999999994755,1.716,,,0.0,0.0,,0.0,,,,0.0,,-0.0,,0.0,0.0,0.0,0.0,0.0,0.0,0.0,0.0,0.0,0.0,0.0,False,1303357_YES.csv,1303357_YES
1770709200,2026-02-10 07:40:00,1,572.0,2.2880000000000003,0.003999999999993007,2.2880000000000003,,,0.0,0.0,,0.0,,,,0.0,,-0.0,,0.0,0.0,0.0,0.0,0.0,0.0,0.0,0.0,0.0,0.0,0.0,False,1303357_YES.csv,1303357_YES
1770710340,2026-02-10 07:59:00,1,572.0,1.716,0.002999999999994755,1.716,,,0.0,0.0,,0.0,,,,0.0,,-0.0,,0.0,0.0,0.0,0.0,0.0,0.0,0.0,0.0,0.0,0.0,0.0,False,1303357_YES.csv,1303357_YES
1770710520,2026-02-10 08:02:00,1,572.0,2.2880000000000003,0.003999999999993007,2.2880000000000003,,,0.0,0.0,,0.0,,,,0.0,,-0.0,,0.0,0.0,0.0,0.0,0.0,0.0,0.0,0.0,0.0,0.0,0.0,False,1303357_YES.csv,1303357_YES
1770710820,2026-02-10 08:07:00,1,572.0,1.716,0.002999999999994755,1.716,,,0.0,0.0,,0.0,,,,0.0,,-0.0,,0.0,0.0,0.0,0.0,0.0,0.0,0.0,0.0,0.0,0.0,0.0,False,1303357_YES.csv,1303357_YES
1770715140,2026-02-10 09:19:00,1,591.44,1.77432,0.0029999999999949277,1.77432,,,0.0,0.0,,0.0,,,,0.0,,-0.0,,0.0,0.0,0.0,0.0,0.0,0.0,0.0,0.0,0.0,0.0,0.0,False,1303357_YES.csv,1303357_YES
1770743880,2026-02-10 17:18:00,1,250.0,0.75,0.002999999999988,0.75,,,0.0,0.0,,0.0,,,,0.0,,-0.0,,0.0,-0.6784681514307593,-0.6784681514307593,0.0,0.0,0.0,0.0,-1.3569363028615187,0.0,0.0,-1.3569363028615187,False,1303357_YES.csv,1303357_YES
1770755460,2026-02-10 20:31:00,1,400.0,1.6,0.00399999999999,1.6,,,0.0,0.0,,0.0,,,,0.0,,-0.0,,0.0,-0.5947671192080652,-0.5947671192080652,0.0,0.0,0.0,0.0,-1.1895342384161305,0.0,0.0,-1.1895342384161305,False,1303357_YES.csv,1303357_YES
1770764100,2026-02-10 22:55:00,1,142.85,0.42855,0.002999999999978999,0.42855,,,0.0,0.0,,0.0,,,,0.0,,-0.0,,0.0,-0.6621384192497176,-0.6621384192497176,0.0,0.0,0.0,0.0,-1.3242768384994352,0.0,0.0,-1.3242768384994352,False,1303357_YES.csv,1303357_YES
1770765180,2026-02-10 23:13:00,1,8899.0,26.697,0.0029999999999996627,26.697,,,0.0,0.0,,0.0,,,,0.0,,-0.0,,0.0,1.2930325514644971,1.2930325514644971,0.0,0.0,0.0,0.0,2.5860651029289943,0.0,0.0,2.5860651029289943,False,1303357_YES.csv,1303357_YES
1770875040,2026-02-12 05:44:00,1,1000.0,3.0,0.002999999999997,3.0,,,0.0,0.0,,0.0,,,,0.0,,-0.0,,0.0,-0.49984790837832044,-0.49984790837832044,0.0,0.0,0.0,0.0,-0.9996958167566409,0.0,0.0,-0.9996958167566409,False,1303357_YES.csv,1303357_YES
1770888600,2026-02-12 09:30:00,2,63450.0,190.35000000000002,0.0029999999999999532,95.17500000000001,,,0.0,0.0,,0.0,,,,0.0,,-0.0,,4.8,4.531648487793053,3.864161383467517,0.0,0.0,0.0,0.0,13.19580987126057,0.0,0.0,13.19580987126057,True,1303357_YES.csv,1303357_YES
1770888840,2026-02-12 09:34:00,1,63400.0,190.2,0.0029999999999999532,190.2,,,0.0,0.0,,0.0,,,,0.0,,-0.0,,-0.1961161351381845,3.2924390812101234,4.204123293158581,0.0,0.0,0.0,0.0,7.30044623923052,0.0,0.0,7.30044623923052,True,1303357_YES.csv,1303357_YES
1770889080,2026-02-12 09:38:00,2,63400.0,190.20000000000002,0.0029999999999999532,95.10000000000001,,,0.0,0.0,,0.0,,,,0.0,,-0.0,,3.469443332443555,2.7156594758102433,1.715168837888833,0.0,0.0,0.0,0.0,7.900271646142632,0.0,0.0,7.900271646142632,True,1303357_YES.csv,1303357_YES
1770889200,2026-02-12 09:40:00,1,63400.0,190.2,0.0029999999999999532,190.2,,,0.0,0.0,,0.0,,,,0.0,,-0.0,,-0.272352389700961,2.3646889423106314,3.095020579759259,0.0,0.0,0.0,0.0,5.18735713236893,0.0,0.0,5.18735713236893,False,1303357_YES.csv,1303357_YES
1770889380,2026-02-12 09:43:00,1,63400.0,190.2,0.0029999999999999532,190.2,,,0.0,0.0,,0.0,,,,0.0,,-0.0,,-0.2674318523619177,2.1225000268292735,2.626367846316376,0.0,0.0,0.0,0.0,4.4814360207837325,0.0,0.0,4.4814360207837325,False,1303357_YES.csv,1303357_YES
1770889440,2026-02-12 09:44:00,1,45052.0,135.156,0.0029999999999999337,135.156,,,0.0,0.0,,0.0,,,,0.0,,-0.0,,-0.26276913640612176,1.2805038848663892,1.5951846689491551,0.0,0.0,0.0,0.0,2.6129194174094224,0.0,0.0,2.6129194174094224,False,1303357_YES.csv,1303357_YES
1770889560,2026-02-12 09:46:00,1,62000.0,186.0,0.002999999999999952,186.0,,,0.0,0.0,,0.0,,,,0.0,,-0.0,,-0.2583424532221109,1.8432671286016225,2.182422767098772,0.0,0.0,0.0,0.0,3.7673474424782833,0.0,0.0,3.7673474424782833,False,1303357_YES.csv,1303357_YES
1770889680,2026-02-12 09:48:00,1,63400.0,190.2,0.0029999999999999532,190.2,,,0.0,0.0,,0.0,,,,0.0,,-0.0,,-0.25413251136628173,1.7702811865986883,2.0511636736542957,0.0,0.0,0.0,0.0,3.567312348886702,0.0,0.0,3.567312348886702,False,1303357_YES.csv,1303357_YES
1770889860,2026-02-12 09:51:00,1,63250.0,189.75,0.002999999999999953,189.75,,,0.0,0.0,,0.0,,,,0.0,,-0.0,,-0.2501221597922887,1.6594628619047185,1.8944181748652718,0.0,0.0,0.0,0.0,3.3037588769777013,0.0,0.0,3.3037588769777013,False,1303357_YES.csv,1303357_YES
1770889980,2026-02-12 09:53:00,1,63100.0,189.3,0.002999999999999953,189.3,,,0.0,0.0,,0.0,,,,0.0,,-0.0,,-0.24629609153594453,1.5664053906954378,1.767997743014349,0.0,0.0,0.0,0.0,3.088107042173842,0.0,0.0,3.088107042173842,False,1303357_YES.csv,1303357_YES
1770890160,2026-02-12 09:56:00,1,62000.0,186.0,0.002999999999999952,186.0,,,0.0,0.0,,0.0,,,,0.0,,-0.0,,-0.242640596097312,1.455778173190401,1.6305272524431416,0.0,0.0,0.0,0.0,2.8436648295362303,0.0,0.0,2.8436648295362303,False,1303357_YES.csv,1303357_YES
1770890280,2026-02-12 09:58:00,1,63400.0,190.2,0.0029999999999999532,190.2,,,0.0,0.0,,0.0,,,,0.0,,-0.0,,-0.23914335132647985,1.439651934243844,1.5979968619373317,0.0,0.0,0.0,0.0,2.7985054448546958,0.0,0.0,2.7985054448546958,False,1303357_YES.csv,1303357_YES
1770890460,2026-02-12 10:01:00,1,62536.0,187.608,0.0029999999999999524,187.608,,,0.0,0.0,,0.0,,,,0.0,,-0.0,,-0.2357932475675573,1.3536438726317086,1.494744832581245,0.0,0.0,0.0,0.0,2.612595457645396,0.0,0.0,2.612595457645396,False,1303357_YES.csv,1303357_YES
1770890580,2026-02-12 10:03:00,1,61000.0,183.0,0.002999999999999951,183.0,,,0.0,0.0,,0.0,,,,0.0,,-0.0,,-0.2325802383081199,1.2549707949869318,1.3814649969546764,0.0,0.0,0.0,0.0,2.4038555536334885,0.0,0.0,2.4038555536334885,False,1303357_YES.csv,1303357_YES
1770890760,2026-02-12 10:06:00,1,63000.0,189.0,0.0029999999999999524,189.0,,,0.0,0.0,,0.0,,,,0.0,,-0.0,,-0.22949521273449852,1.278295173747866,1.3975667346906355,0.0,0.0,0.0,0.0,2.446366695704003,0.0,0.0,2.446366695704003,False,1303357_YES.csv,1303357_YES
1770890940,2026-02-12 10:09:00,1,63400.0,190.2,0.0029999999999999532,190.2,,,0.0,0.0,,0.0,,,,0.0,,-0.0,,-0.2265298864911301,1.2496813201763053,1.3602626703536504,0.0,0.0,0.0,0.0,2.3834141040388257,0.0,0.0,2.3834141040388257,False,1303357_YES.csv,1303357_YES
1770891120,2026-02-12 10:12:00,1,63000.0,189.0,0.0029999999999999524,189.0,,,0.0,0.0,,0.0,,,,0.0,,-0.0,,-0.2236767076462472,1.1986130486962756,1.300825029363757,0.0,0.0,0.0,0.0,2.2757613704137856,0.0,0.0,2.2757613704137856,False,1303357_YES.csv,1303357_YES
1770891240,2026-02-12 10:14:00,1,63497.2,190.4916,0.0029999999999999532,190.4916,,,0.0,0.0,,0.0,,,,0.0,,-0.0,,-0.22092877542213443,1.1801210190387426,1.2761052831201332,0.0,0.0,0.0,0.0,2.2352975267367414,0.0,0.0,2.2352975267367414,False,1303357_YES.csv,1303357_YES
1770891480,2026-02-12 10:18:00,1,63001.0,189.003,0.002999999999999953,189.003,,,0.0,0.0,,0.0,,,,0.0,,-0.0,,-0.21827976969001858,1.1320633594325153,1.2216093821603948,0.0,0.0,0.0,0.0,2.1353929719028915,0.0,0.0,2.1353929719028915,False,1303357_YES.csv,1303357_YES
1770891600,2026-02-12 10:20:00,1,63497.2,190.4916,0.0029999999999999532,190.4916,,,0.0,0.0,,0.0,,,,0.0,,-0.0,,-0.21572388958294916,1.1188018750447524,1.203650485947216,0.0,0.0,0.0,0.0,2.106728471409019,0.0,0.0,2.106728471409019,False,1303357_YES.csv,1303357_YES
1770891840,2026-02-12 10:24:00,1,62000.0,186.0,0.002999999999999952,186.0,,,0.0,0.0,,0.0,,,,0.0,,-0.0,,-0.2132557998641789,1.0437298746466661,1.122747318550964,0.0,0.0,0.0,0.0,1.9532213933334512,0.0,0.0,1.9532213933334512,False,1303357_YES.csv,1303357_YES
1770891960,2026-02-12 10:26:00,1,63496.666666,190.49,0.003000000000031353,190.49,,,0.0,0.0,,0.0,,,,0.0,,-0.0,,-0.2108705839183248,1.06778980735645,1.144116426455774,0.0,0.0,0.0,0.0,2.001035649893899,0.0,0.0,2.001035649893899,False,1303357_YES.csv,1303357_YES
1770892020,2026-02-12 10:27:00,1,63000.0,189.0,0.0029999999999999524,189.0,,,0.0,0.0,,0.0,,,,0.0,,-0.0,,-0.2085637024194363,1.0279993289414255,1.1002641352342208,0.0,0.0,0.0,0.0,1.9196997617562102,0.0,0.0,1.9196997617562102,False,1303357_YES.csv,1303357_YES
1770892140,2026-02-12 10:29:00,1,61822.0,185.466,0.002999999999999952,185.466,,,0.0,0.0,,0.0,,,,0.0,,-0.0,,-0.20633095688266478,0.9687104780698257,1.036943833952354,0.0,0.0,0.0,0.0,1.799323355139515,0.0,0.0,1.799323355139515,False,1303357_YES.csv,1303357_YES
1770892320,2026-02-12 10:32:00,1,62896.64,188.68992,0.0029999999999999524,188.68992,,,0.0,0.0,,0.0,,,,0.0,,-0.0,,-0.20416845743157058,0.9840409949531053,1.050192704994349,0.0,0.0,0.0,0.0,1.8300652425158837,0.0,0.0,1.8300652425158837,False,1303357_YES.csv,1303357_YES
1770892680,2026-02-12 10:38:00,1,62588.0,187.764,0.0029999999999999524,187.764,,,0.0,0.0,,0.0,,,,0.0,,-0.0,,-0.20207259421636917,0.9549977392115985,1.0182940057686252,0.0,0.0,0.0,0.0,1.7712191507638546,0.0,0.0,1.7712191507638546,False,1303357_YES.csv,1303357_YES
1770892800,2026-02-12 10:40:00,1,62444.0,187.332,0.002999999999999952,187.332,,,0.0,0.0,,0.0,,,,0.0,,-0.0,,-0.20004001200400182,0.9326486197278598,0.9934649766033734,0.0,0.0,0.0,0.0,1.7260735843272315,0.0,0.0,1.7260735843272315,False,1303357_YES.csv,1303357_YES
1770892980,2026-02-12 10:43:00,2,62900.0,188.7,0.0029999999999999524,94.35,,,0.0,0.0,,0.0,,,,0.0,,-0.0,,4.002403124278059,0.930688965887876,-0.05847485099115789,0.0,0.0,0.0,0.0,4.8746172391747775,0.0,0.0,4.8746172391747775,False,1303357_YES.csv,1303357_YES
1770893100,2026-02-12 10:45:00,1,62000.0,186.0,0.002999999999999952,186.0,,,0.0,0.0,,0.0,,,,0.0,,-0.0,,-0.242627130651751,0.8854336599066631,0.9709432910036974,0.0,0.0,0.0,0.0,1.6137498202586094,0.0,0.0,1.6137498202586094,False,1303357_YES.csv,1303357_YES
1770893160,2026-02-12 10:46:00,2,62900.0,188.7,0.0029999999999999524,94.35,,,0.0,0.0,,0.0,,,,0.0,,-0.0,,3.5026445035884692,0.9000469022968717,-0.07646071682157594,0.0,0.0,0.0,0.0,4.326230689063765,0.0,0.0,4.326230689063765,False,1303357_YES.csv,1303357_YES
1770893220,2026-02-12 10:47:00,1,62001.65,186.00495,0.002999999999999952,186.00495,,,0.0,0.0,,0.0,,,,0.0,,-0.0,,-0.27749837403772826,0.8562132312112042,0.9643115551904394,0.0,0.0,0.0,0.0,1.5430264123639152,0.0,0.0,1.5430264123639152,False,1303357_YES.csv,1303357_YES
1770893400,2026-02-12 10:50:00,1,61002.0,183.006,0.002999999999999951,183.006,,,0.0,0.0,,0.0,,,,0.0,,-0.0,,-0.2748626030391375,0.8104729649310406,0.9143278349028714,0.0,0.0,0.0,0.0,1.4499381967947744,0.0,0.0,1.4499381967947744,False,1303357_YES.csv,1303357_YES
1770893520,2026-02-12 10:52:00,1,60000.0,180.0,0.00299999999999995,180.0,,,0.0,0.0,,0.0,,,,0.0,,-0.0,,-0.2723006302490475,0.7659302844332565,0.8659853944961341,0.0,0.0,0.0,0.0,1.359615048680343,0.0,0.0,1.359615048680343,False,1303357_YES.csv,1303357_YES
1770893640,2026-02-12 10:54:00,1,62900.0,188.7,0.002999999999999953,188.7,,,0.0,0.0,,0.0,,,,0.0,,-0.0,,-0.26980907113345953,0.8509355109944714,0.9508394269927137,0.0,0.0,0.0,0.0,1.5319658668537257,0.0,0.0,1.5319658668537257,False,1303357_YES.csv,1303357_YES
1770893820,2026-02-12 10:57:00,1,62348.0,187.044,0.0029999999999999524,187.044,,,0.0,0.0,,0.0,,,,0.0,,-0.0,,-0.26738475477825496,0.820409665489487,0.9170011204043587,0.0,0.0,0.0,0.0,1.4700260311155908,0.0,0.0,1.4700260311155908,False,1303357_YES.csv,1303357_YES
1770894000,2026-02-12 11:00:00,1,62555.0,187.665,0.002999999999999952,187.665,,,0.0,0.0,,0.0,,,,0.0,,-0.0,,-0.2650247068446548,0.8159058652829928,0.9100453624185157,0.0,0.0,0.0,0.0,1.4609265208568538,0.0,0.0,1.4609265208568538,False,1303357_YES.csv,1303357_YES
1770894120,2026-02-12 11:02:00,1,62000.0,186.0,0.002999999999999952,186.0,,,0.0,0.0,,0.0,,,,0.0,,-0.0,,-0.2650247068446548,0.7698987742505368,0.8612799020985745,0.0,0.0,0.0,0.0,1.3661539695044564,0.0,0.0,1.3661539695044564,False,1303357_YES.csv,1303357_YES
1770894300,2026-02-12 11:05:00,1,61888.0,185.664,0.002999999999999952,185.664,,,0.0,0.0,,0.0,,,,0.0,,-0.0,,-0.2650247068446548,0.7392111574197062,0.828563253849899,0.0,0.0,0.0,0.0,1.3027497044249505,0.0,0.0,1.3027497044249505,False,1303357_YES.csv,1303357_YES
1770894420,2026-02-12 11:07:00,1,62900.0,188.7,0.002999999999999953,188.7,,,0.0,0.0,,0.0,,,,0.0,,-0.0,,-0.2650247068446548,0.7469563205962271,0.8350896676385654,0.0,0.0,0.0,0.0,1.3170212813901376,0.0,0.0,1.3170212813901376,False,1303357_YES.csv,1303357_YES
1770894600,2026-02-12 11:10:00,1,60000.0,180.0,0.00299999999999995,180.0,,,0.0,0.0,,0.0,,,,0.0,,-0.0,,-0.2650247068446548,0.621514271064522,0.7065943518710364,0.0,0.0,0.0,0.0,1.0630839160909036,0.0,0.0,1.0630839160909036,False,1303357_YES.csv,1303357_YES
1770894720,2026-02-12 11:12:00,1,62300.0,186.9,0.002999999999999952,186.9,,,0.0,0.0,,0.0,,,,0.0,,-0.0,,-0.2650247068446548,0.6765509814324833,0.7613552511688807,0.0,0.0,0.0,0.0,1.1728815257567091,0.0,0.0,1.1728815257567091,False,1303357_YES.csv,1303357_YES
1770894900,2026-02-12 11:15:00,1,62100.0,186.3,0.002999999999999952,186.3,,,0.0,0.0,,0.0,,,,0.0,,-0.0,,-0.2650247068446548,0.6447498813304107,0.7280361198879263,0.0,0.0,0.0,0.0,1.107761294373682,0.0,0.0,1.107761294373682,False,1303357_YES.csv,1303357_YES
1770895080,2026-02-12 11:18:00,1,62900.0,188.7,0.002999999999999953,188.7,,,0.0,0.0,,0.0,,,,0.0,,-0.0,,-0.2650247068446548,0.6471645658331184,0.7299476798507105,0.0,0.0,0.0,0.0,1.1120875388391742,0.0,0.0,1.1120875388391742,False,1303357_YES.csv,1303357_YES
1770897660,2026-02-12 12:01:00,1,64109.26,192.32778,0.0029999999999999537,192.32778,,,0.0,0.0,,0.0,,,,0.0,,-0.0,,-0.2650247068446548,0.6647158916974447,0.747059396680093,0.0,0.0,0.0,0.0,1.146750581532883,0.0,0.0,1.146750581532883,False,1303357_YES.csv,1303357_YES
1770914340,2026-02-12 16:39:00,1,400.0,1.2,0.0029999999999925,1.2,,,0.0,0.0,,0.0,,,,0.0,,-0.0,,-0.2650247068446548,-1.6641475958623937,-1.5986605835384533,0.0,0.0,0.0,0.0,-3.527832886245502,0.0,0.0,-3.527832886245502,False,1303357_YES.csv,1303357_YES
1770914400,2026-02-12 16:40:00,1,2.0,0.006,0.0029999999985,0.006,,,0.0,0.0,,0.0,,,,0.0,,-0.0,,-0.2650247068446548,-1.676036008607996,-1.6107871230091888,0.0,0.0,0.0,0.0,-3.5518478384618395,0.0,0.0,-3.5518478384618395,False,1303357_YES.csv,1303357_YES
1770917520,2026-02-12 17:32:00,1,5.0,0.015,0.0029999999994,0.015,,,0.0,0.0,,0.0,,,,0.0,,-0.0,,-0.2650247068446548,-1.6741614171009418,-1.608999656355415,0.0,0.0,0.0,0.0,-3.5481857803010115,0.0,0.0,-3.5481857803010115,False,1303357_YES.csv,1303357_YES
1770918240,2026-02-12 17:44:00,1,5.0,0.015,0.0029999999994,0.015,,,0.0,0.0,,0.0,,,,0.0,,-0.0,,-0.2650247068446548,-1.6728411928151103,-1.6077450616358027,0.0,0.0,0.0,0.0,-3.5456109612955675,0.0,0.0,-3.5456109612955675,False,1303357_YES.csv,1303357_YES
1770920580,2026-02-12 18:23:00,1,100.0,0.3,0.0029999999999699998,0.3,,,0.0,0.0,,0.0,,,,0.0,,-0.0,,-0.2650247068446548,-1.6678431871532349,-1.6027980485802493,0.0,0.0,0.0,0.0,-3.535665942578139,0.0,0.0,-3.535665942578139,False,1303357_YES.csv,1303357_YES
1770921000,2026-02-12 18:30:00,1,5.0,0.015,0.0029999999994,0.015,,,0.0,0.0,,0.0,,,,0.0,,-0.0,,-0.2650247068446548,-1.6699894587495865,-1.6050349375758313,0.0,0.0,0.0,0.0,-3.5400491031700723,0.0,0.0,-3.5400491031700723,False,1303357_YES.csv,1303357_YES
1770924300,2026-02-12 19:25:00,1,100.0,0.2,0.00199999999998,0.2,,,0.0,0.0,,0.0,,,,0.0,,-0.0,,-0.2650247068446548,-1.66613736152478,-1.6012460264512753,0.0,0.0,0.0,0.0,-3.53240809482071,0.0,0.0,-3.53240809482071,False,1303357_YES.csv,1303357_YES
1770930300,2026-02-12 21:05:00,1,1400.0,4.2,0.0029999999999978572,4.2,,,0.0,0.0,,0.0,,,,0.0,,-0.0,,-0.2650247068446548,-1.619470742635607,-1.5541281528180966,0.0,0.0,0.0,0.0,-3.4386236022983585,0.0,0.0,-3.4386236022983585,False,1303357_YES.csv,1303357_YES
1770932100,2026-02-12 21:35:00,1,1400.0,4.2,0.0029999999999978572,4.2,,,0.0,0.0,,0.0,,,,0.0,,-0.0,,-0.2650247068446548,-1.6208981959330608,-1.5554835415423092,0.0,0.0,0.0,0.0,-3.441406444320025,0.0,0.0,-3.441406444320025,False,1303357_YES.csv,1303357_YES
1770932760,2026-02-12 21:46:00,1,302.0,0.906,0.0029999999999900666,0.906,,,0.0,0.0,,0.0,,,,0.0,,-0.0,,-0.2650247068446548,-1.6602909208957046,-1.5952004691460948,0.0,0.0,0.0,0.0,-3.520516096886454,0.0,0.0,-3.520516096886454,False,1303357_YES.csv,1303357_YES
1770932820,2026-02-12 21:47:00,1,5.0,0.015,0.0029999999994,0.015,,,0.0,0.0,,0.0,,,,0.0,,-0.0,,-0.2650247068446548,-1.669751987887634,-1.6048083513447033,0.0,0.0,0.0,0.0,-3.5395850460769918,0.0,0.0,-3.5395850460769918,False,1303357_YES.csv,1303357_YES
1770933120,2026-02-12 21:52:00,1,5.0,0.015,0.0029999999994,0.015,,,0.0,0.0,,0.0,,,,0.0,,-0.0,,-0.2650247068446548,-1.6691830874786993,-1.6042676027216254,0.0,0.0,0.0,0.0,-3.538475397044979,0.0,0.0,-3.538475397044979,False,1303357_YES.csv,1303357_YES
1770933240,2026-02-12 21:54:00,1,5.0,0.015,0.0029999999994,0.015,,,0.0,0.0,,0.0,,,,0.0,,-0.0,,-0.2650247068446548,-1.6679605367000225,-1.603105574636884,0.0,0.0,0.0,0.0,-3.5360908181815613,0.0,0.0,-3.5360908181815613,False,1303357_YES.csv,1303357_YES
1770933360,2026-02-12 21:56:00,1,1400.0,4.2,0.0029999999999978572,4.2,,,0.0,0.0,,0.0,,,,0.0,,-0.0,,-0.2650247068446548,-1.620030257573983,-1.5546586295959148,0.0,0.0,0.0,0.0,-3.4397135940145525,0.0,0.0,-3.4397135940145525,False,1303357_YES.csv,1303357_YES
1770933960,2026-02-12 22:06:00,1,302.0,0.604,0.0019999999999933773,0.604,,,0.0,0.0,,0.0,,,,0.0,,-0.0,,-0.2650247068446548,-1.6451930152019982,-1.5810875217630853,0.0,0.0,0.0,0.0,-3.4913052438097383,0.0,0.0,-3.4913052438097383,False,1303357_YES.csv,1303357_YES
1770934080,2026-02-12 22:08:00,1,2043.333333,6.13,0.003000000000487832,6.13,,,0.0,0.0,,0.0,,,,0.0,,-0.0,,-0.2650247068446548,-1.5808687864235502,-1.5161424826850285,0.0,0.0,0.0,0.0,-3.3620359759532334,0.0,0.0,-3.3620359759532334,False,1303357_YES.csv,1303357_YES
1770935340,2026-02-12 22:29:00,1,2.0,0.004,0.001999999999,0.004,,,0.0,0.0,,0.0,,,,0.0,,-0.0,,-0.22749590318269994,-1.58664539007627,-1.5413026440986484,0.0,0.0,0.0,0.0,-3.3554439373576184,0.0,0.0,-3.3554439373576184,False,1303357_YES.csv,1303357_YES
1770936660,2026-02-12 22:51:00,1,50.0,0.15,0.00299999999994,0.15,,,0.0,0.0,,0.0,,,,0.0,,-0.0,,-0.22749590318269994,-1.5220217701245915,-1.4799202111533138,0.0,0.0,0.0,0.0,-3.229437884460605,0.0,0.0,-3.229437884460605,False,1303357_YES.csv,1303357_YES
1770936780,2026-02-12 22:53:00,1,50.0,0.15,0.00299999999994,0.15,,,0.0,0.0,,0.0,,,,0.0,,-0.0,,-0.1841413749731758,-1.4635006398798804,-1.4367501639550895,0.0,0.0,0.0,0.0,-3.0843921788081454,0.0,0.0,-3.0843921788081454,False,1303357_YES.csv,1303357_YES
1770937080,2026-02-12 22:58:00,1,50.0,0.15,0.00299999999994,0.15,,,0.0,0.0,,0.0,,,,0.0,,-0.0,,-0.1841413749731758,-1.4087910095125933,-1.383740554725016,0.0,0.0,0.0,0.0,-2.976672939210785,0.0,0.0,-2.976672939210785,False,1303357_YES.csv,1303357_YES
1770940920,2026-02-13 00:02:00,1,1082.67,3.2480100000000003,0.0029999999999972293,3.2480100000000003,,,0.0,0.0,,0.0,,,,0.0,,-0.0,,-0.1841413749731758,-1.3243592858070354,-1.3004795771027609,0.0,0.0,0.0,0.0,-2.808980237882972,0.0,0.0,-2.808980237882972,False,1303357_YES.csv,1303357_YES
1770942840,2026-02-13 00:34:00,1,1082.67,2.16534,0.0019999999999981526,2.16534,,,0.0,0.0,,0.0,,,,0.0,,-0.0,,-0.1841413749731758,-1.292884040462007,-1.2700342643449012,0.0,0.0,0.0,0.0,-2.747059679780084,0.0,0.0,-2.747059679780084,False,1303357_YES.csv,1303357_YES
1770945000,2026-02-13 01:10:00,1,20.83,0.06249,0.0029999999998559772,0.06249,,,0.0,0.0,,0.0,,,,0.0,,-0.0,,-0.1841413749731758,-1.269908261485743,-1.2484588323726358,0.0,0.0,0.0,0.0,-2.702508468831555,0.0,0.0,-2.702508468831555,False,1303357_YES.csv,1303357_YES
1770945120,2026-02-13 01:12:00,1,20.83,0.06249,0.0029999999998559772,0.06249,,,0.0,0.0,,0.0,,,,0.0,,-0.0,,-0.1841413749731758,-1.226087605269225,-1.2057208369555565,0.0,0.0,0.0,0.0,-2.615949817197957,0.0,0.0,-2.615949817197957,False,1303357_YES.csv,1303357_YES
1770945180,2026-02-13 01:13:00,1,20.83,0.06249,0.0029999999998559772,0.06249,,,0.0,0.0,,0.0,,,,0.0,,-0.0,,-0.1841413749731758,-1.184378445829933,-1.164980579332071,0.0,0.0,0.0,0.0,-2.5335004001351797,0.0,0.0,-2.5335004001351797,False,1303357_YES.csv,1303357_YES
1770948360,2026-02-13 02:06:00,1,176.3,0.5289,0.0029999999999829837,0.5289,,,0.0,0.0,,0.0,,,,0.0,,-0.0,,-0.1841413749731758,-1.1397471565743946,-1.1211491606647328,0.0,0.0,0.0,0.0,-2.445037692212303,0.0,0.0,-2.445037692212303,False,1303357_YES.csv,1303357_YES
1770948420,2026-02-13 02:07:00,1,119.0,0.357,0.0029999999999747898,0.357,,,0.0,0.0,,0.0,,,,0.0,,-0.0,,-0.1841413749731758,-1.103597146885739,-1.0857848084316484,0.0,0.0,0.0,0.0,-2.3735233302905634,0.0,0.0,-2.3735233302905634,False,1303357_YES.csv,1303357_YES
1770948540,2026-02-13 02:09:00,1,110.1,0.3303,0.002999999999972752,0.3303,,,0.0,0.0,,0.0,,,,0.0,,-0.0,,-0.1841413749731758,-1.0674099255505674,-1.0503160575261534,0.0,0.0,0.0,0.0,-2.3018673580498965,0.0,0.0,-2.3018673580498965,False,1303357_YES.csv,1303357_YES
1770948600,2026-02-13 02:10:00,1,101.9,0.3057,0.002999999999970559,0.3057,,,0.0,0.0,,0.0,,,,0.0,,-0.0,,-0.1841413749731758,-1.0325549225681432,-1.016096926160367,0.0,0.0,0.0,0.0,-2.2327932237016856,0.0,0.0,-2.2327932237016856,False,1303357_YES.csv,1303357_YES
1770949080,2026-02-13 02:18:00,1,108.6,0.3258,0.0029999999999723755,0.3258,,,0.0,0.0,,0.0,,,,0.0,,-0.0,,-0.1841413749731758,-0.9984887760604413,-0.9825701179308071,0.0,0.0,0.0,0.0,-2.165200268964424,0.0,0.0,-2.165200268964424,False,1303357_YES.csv,1303357_YES
1770949140,2026-02-13 02:19:00,1,115.4,0.3462,0.0029999999999740035,0.3462,,,0.0,0.0,,0.0,,,,0.0,,-0.0,,-0.1841413749731758,-0.9655428244271653,-0.9501488661975229,0.0,0.0,0.0,0.0,-2.099833065597864,0.0,0.0,-2.099833065597864,False,1303357_YES.csv,1303357_YES
1770949260,2026-02-13 02:21:00,1,108.4,0.3252,0.0029999999999723247,0.3252,,,0.0,0.0,,0.0,,,,0.0,,-0.0,,-0.1841413749731758,-0.9340549436881104,-0.9191546021875078,0.0,0.0,0.0,0.0,-2.037350920848794,0.0,0.0,-2.037350920848794,False,1303357_YES.csv,1303357_YES
1770951900,2026-02-13 03:05:00,1,105.0,0.315,0.0029999999999714283,0.315,,,0.0,0.0,,0.0,,,,0.0,,-0.0,,-0.1841413749731758,-0.9033641224343552,-0.8889041925644975,0.0,0.0,0.0,0.0,-1.9764096899720283,0.0,0.0,-1.9764096899720283,False,1303357_YES.csv,1303357_YES
1770952860,2026-02-13 03:21:00,1,1666.666666,5.0,0.0030000000011982,5.0,,,0.0,0.0,,0.0,,,,0.0,,-0.0,,-0.1841413749731758,-0.8245000701075281,-0.8092776571936368,0.0,0.0,0.0,0.0,-1.8179191022743408,0.0,0.0,-1.8179191022743408,False,1303357_YES.csv,1303357_YES
1770953100,2026-02-13 03:25:00,1,1666.66,3.33332,0.0019999999999988,3.33332,,,0.0,0.0,,0.0,,,,0.0,,-0.0,,-0.1841413749731758,-0.8139108689492237,-0.7994308788742929,0.0,0.0,0.0,0.0,-1.7974831227966925,0.0,0.0,-1.7974831227966925,False,1303357_YES.csv,1303357_YES
1770954240,2026-02-13 03:44:00,1,2.0,0.006,0.0029999999985,0.006,,,0.0,0.0,,0.0,,,,0.0,,-0.0,,-0.1841413749731758,-0.8212431861913488,-0.8080142436466973,0.0,0.0,0.0,0.0,-1.813398804811222,0.0,0.0,-1.813398804811222,False,1303357_YES.csv,1303357_YES
1770957300,2026-02-13 04:35:00,1,2.0,0.004,0.001999999999,0.004,,,0.0,0.0,,0.0,,,,0.0,,-0.0,,-0.1841413749731758,-0.7932010717321885,-0.7802577947420629,0.0,0.0,0.0,0.0,-1.757600241447427,0.0,0.0,-1.757600241447427,False,1303357_YES.csv,1303357_YES
1770958680,2026-02-13 04:58:00,1,16117.0,48.351,0.0029999999999998136,48.351,,,0.0,0.0,,0.0,,,,0.0,,-0.0,,-0.1841413749731758,-0.24020861467146298,-0.2114297939814807,0.0,0.0,0.0,0.0,-0.6357797836261194,0.0,0.0,-0.6357797836261194,False,1303357_YES.csv,1303357_YES
1770964740,2026-02-13 06:39:00,1,15000.0,30.0,0.0019999999999998665,30.0,,,0.0,0.0,,0.0,,,,0.0,,-0.0,,-0.1841413749731758,-0.4207000216585563,-0.3976863556048756,0.0,0.0,0.0,0.0,-1.0025277522366076,0.0,0.0,-1.0025277522366076,False,1303357_YES.csv,1303357_YES
1770964860,2026-02-13 06:41:00,14,476.51,1.42953,0.0029999999999937043,0.10210928571428571,,,0.0,0.0,,0.0,,,,0.0,,-0.0,,7.572741416161904,-0.7163590430456113,-0.7192567904721004,0.0,0.0,0.0,0.0,6.137125582644192,0.0,0.0,6.137125582644192,False,1303357_YES.csv,1303357_YES
1770964920,2026-02-13 06:42:00,17,121.41,0.36423,0.0029999999999752902,0.02142529411764706,,,0.0,0.0,,0.0,,,,0.0,,-0.0,,5.866490399927978,-0.7020634759245334,-0.6939643800470863,0.0,0.0,0.0,0.0,4.470462543956358,0.0,0.0,4.470462543956358,False,1303357_YES.csv,1303357_YES
1770964980,2026-02-13 06:43:00,2,10.0,0.03,0.0029999999997,0.015,,,0.0,0.0,,0.0,,,,0.0,,-0.0,,0.17682639839017264,-0.6797651434942743,-0.6681005219533022,0.0,0.0,0.0,0.0,-1.1710392670574037,0.0,0.0,-1.1710392670574037,False,1303357_YES.csv,1303357_YES
1770966840,2026-02-13 07:14:00,1,3333.333333,10.0,0.0030000000002990998,10.0,,,0.0,0.0,,0.0,,,,0.0,,-0.0,,-0.2020873124459117,-0.5375472986617129,-0.5209135236818471,0.0,0.0,0.0,0.0,-1.2605481347894716,0.0,0.0,-1.2605481347894716,False,1303357_YES.csv,1303357_YES
1770973980,2026-02-13 09:13:00,1,57.72,0.11544,0.0019999999999653502,0.11544,,,0.0,0.0,,0.0,,,,0.0,,-0.0,,-0.19576017480922203,-0.6299707648518039,-0.6238740122663274,0.0,0.0,0.0,0.0,-1.4496049519273533,0.0,0.0,-1.4496049519273533,False,1303357_YES.csv,1303357_YES
1770974940,2026-02-13 09:29:00,1,68271.05,204.81315,0.002999999999999956,204.81315,,,0.0,0.0,,0.0,,,,0.0,,-0.0,,-0.19576017480922203,1.84612245421022,1.9056887412661592,0.0,0.0,0.0,0.0,3.556051020667157,0.0,0.0,3.556051020667157,False,1303357_YES.csv,1303357_YES
1770976320,2026-02-13 09:52:00,1,50000.0,150.0,0.00299999999999994,150.0,,,0.0,0.0,,0.0,,,,0.0,,-0.0,,-0.1894414892753981,1.204659718724998,1.2047414011006208,0.0,0.0,0.0,0.0,2.2199596305502207,0.0,0.0,2.2199596305502207,False,1303357_YES.csv,1303357_YES
1770976380,2026-02-13 09:53:00,1,3333.33,6.66666,0.0019999999999994003,6.66666,,,0.0,0.0,,0.0,,,,0.0,,-0.0,,-0.1894414892753981,-0.523301613039488,-0.5228388632367121,0.0,0.0,0.0,0.0,-1.235581965551598,0.0,0.0,-1.235581965551598,False,1303357_YES.csv,1303357_YES
1770976440,2026-02-13 09:54:00,1,68334.56,205.00368,0.0029999999999999563,205.00368,,,0.0,0.0,,0.0,,,,0.0,,-0.0,,-0.1894414892753981,1.9348285358288546,1.934767124489679,0.0,0.0,0.0,0.0,3.680154171043135,0.0,0.0,3.680154171043135,False,1303357_YES.csv,1303357_YES
1770976620,2026-02-13 09:57:00,1,57000.0,171.0,0.0029999999999999476,171.0,,,0.0,0.0,,0.0,,,,0.0,,-0.0,,-0.1894414892753981,1.5197449925022468,1.5197715476692903,0.0,0.0,0.0,0.0,2.850075050896139,0.0,0.0,2.850075050896139,False,1303357_YES.csv,1303357_YES
1770976740,2026-02-13 09:59:00,1,68434.86,205.30458,0.0029999999999999563,205.30458,,,0.0,0.0,,0.0,,,,0.0,,-0.0,,-0.1894414892753981,1.9303673113559596,1.9303073760296225,0.0,0.0,0.0,0.0,3.6712331981101842,0.0,0.0,3.6712331981101842,False,1303357_YES.csv,1303357_YES
1770976860,2026-02-13 10:01:00,1,500.0,1.5,0.002999999999994,1.5,,,0.0,0.0,,0.0,,,,0.0,,-0.0,,-0.1894414892753981,-0.5616250728317496,-0.5611541489212051,0.0,0.0,0.0,0.0,-1.3122207110283528,0.0,0.0,-1.3122207110283528,False,1303357_YES.csv,1303357_YES
1770976980,2026-02-13 10:03:00,1,66000.0,198.0,0.0029999999999999545,198.0,,,0.0,0.0,,0.0,,,,0.0,,-0.0,,-0.1894414892753981,1.9119685509145323,1.9119288581495173,0.0,0.0,0.0,0.0,3.6344559197886515,0.0,0.0,3.6344559197886515,False,1303357_YES.csv,1303357_YES
1770977160,2026-02-13 10:06:00,1,66000.0,198.0,0.0029999999999999545,198.0,,,0.0,0.0,,0.0,,,,0.0,,-0.0,,-0.1894414892753981,1.9005423409103566,1.9005052829243059,0.0,0.0,0.0,0.0,3.6116061345592643,0.0,0.0,3.6116061345592643,False,1303357_YES.csv,1303357_YES
1770977460,2026-02-13 10:11:00,1,67000.0,201.0,0.002999999999999955,201.0,,,0.0,0.0,,0.0,,,,0.0,,-0.0,,-0.1894414892753981,1.923432424405763,1.9233910768971194,0.0,0.0,0.0,0.0,3.657382012027484,0.0,0.0,3.657382012027484,False,1303357_YES.csv,1303357_YES
1770977640,2026-02-13 10:14:00,1,66500.0,199.5,0.0029999999999999545,199.5,,,0.0,0.0,,0.0,,,,0.0,,-0.0,,-0.1894414892753981,1.8945935936989182,1.8945583554425223,0.0,0.0,0.0,0.0,3.599710459866042,0.0,0.0,3.599710459866042,False,1303357_YES.csv,1303357_YES
1770977820,2026-02-13 10:17:00,1,66500.0,199.5,0.0029999999999999545,199.5,,,0.0,0.0,,0.0,,,,0.0,,-0.0,,-0.1894414892753981,1.8769806259876658,1.8769492493016027,0.0,0.0,0.0,0.0,3.5644883860138705,0.0,0.0,3.5644883860138705,False,1303357_YES.csv,1303357_YES
1770978000,2026-02-13 10:20:00,1,62488.0,187.464,0.002999999999999952,187.464,,,0.0,0.0,,0.0,,,,0.0,,-0.0,,-0.1894414892753981,1.7283080149042587,1.728306512857454,0.0,0.0,0.0,0.0,3.2671730384863142,0.0,0.0,3.2671730384863142,False,1303357_YES.csv,1303357_YES
1770978120,2026-02-13 10:22:00,1,67934.86,203.80458,0.002999999999999956,203.80458,,,0.0,0.0,,0.0,,,,0.0,,-0.0,,-0.1894414892753981,1.9132102636864814,1.9131719983577908,0.0,0.0,0.0,0.0,3.636940772768874,0.0,0.0,3.636940772768874,False,1303357_YES.csv,1303357_YES
1770978300,2026-02-13 10:25:00,1,66421.0,199.263,0.0029999999999999545,199.263,,,0.0,0.0,,0.0,,,,0.0,,-0.0,,-0.1894414892753981,1.8482755619301856,1.848250404096108,0.0,0.0,0.0,0.0,3.5070844767508955,0.0,0.0,3.5070844767508955,False,1303357_YES.csv,1303357_YES
1770978480,2026-02-13 10:28:00,1,66000.0,198.0,0.0029999999999999545,198.0,,,0.0,0.0,,0.0,,,,0.0,,-0.0,,-0.1894414892753981,1.8278929583991212,1.827871926348532,0.0,0.0,0.0,0.0,3.466323395472255,0.0,0.0,3.466323395472255,False,1303357_YES.csv,1303357_YES
1770978600,2026-02-13 10:30:00,1,67934.86,203.80458,0.002999999999999956,203.80458,,,0.0,0.0,,0.0,,,,0.0,,-0.0,,-0.1894414892753981,1.8092258988757541,1.8091936209120343,0.0,0.0,0.0,0.0,3.4289780305123903,0.0,0.0,3.4289780305123903,False,1303357_YES.csv,1303357_YES
1770978780,2026-02-13 10:33:00,1,67000.0,201.0,0.002999999999999955,201.0,,,0.0,0.0,,0.0,,,,0.0,,-0.0,,-0.1894414892753981,1.6980011591639783,1.6979771408253324,0.0,0.0,0.0,0.0,3.2065368107139127,0.0,0.0,3.2065368107139127,False,1303357_YES.csv,1303357_YES
1770978900,2026-02-13 10:35:00,1,65000.0,195.0,0.002999999999999954,195.0,,,0.0,0.0,,0.0,,,,0.0,,-0.0,,-0.1894414892753981,1.5624043167288815,1.5623950146674266,0.0,0.0,0.0,0.0,2.9353578421209097,0.0,0.0,2.9353578421209097,False,1303357_YES.csv,1303357_YES
1770979080,2026-02-13 10:38:00,1,67944.88,203.83464,0.0029999999999999554,203.83464,,,0.0,0.0,,0.0,,,,0.0,,-0.0,,-0.1894414892753981,1.5941775886034788,1.5941487265830951,0.0,0.0,0.0,0.0,2.9988848259111758,0.0,0.0,2.9988848259111758,False,1303357_YES.csv,1303357_YES
1770979140,2026-02-13 10:39:00,1,0.53,0.00106,0.0019999999962264153,0.00106,,,0.0,0.0,,0.0,,,,0.0,,-0.0,,-0.1894414892753981,-0.680934892244618,-0.6804752752661372,0.0,0.0,0.0,0.0,-1.5508516567861532,0.0,0.0,-1.5508516567861532,False,1303357_YES.csv,1303357_YES
1770979260,2026-02-13 10:41:00,1,65866.0,197.598,0.0029999999999999545,197.598,,,0.0,0.0,,0.0,,,,0.0,,-0.0,,-0.1894414892753981,1.4658604854415604,1.4658471381714793,0.0,0.0,0.0,0.0,2.7422661343376413,0.0,0.0,2.7422661343376413,False,1303357_YES.csv,1303357_YES
1770979440,2026-02-13 10:44:00,1,67944.88,203.83464,0.0029999999999999554,203.83464,,,0.0,0.0,,0.0,,,,0.0,,-0.0,,-0.1894414892753981,1.475109052518057,1.4750818134430237,0.0,0.0,0.0,0.0,2.7607493766856823,0.0,0.0,2.7607493766856823,False,1303357_YES.csv,1303357_YES
1770979620,2026-02-13 10:47:00,1,66400.0,199.2,0.002999999999999955,199.2,,,0.0,0.0,,0.0,,,,0.0,,-0.0,,-0.1894414892753981,1.372538887008468,1.3725239210407993,0.0,0.0,0.0,0.0,2.555621318773869,0.0,0.0,2.555621318773869,False,1303357_YES.csv,1303357_YES
1770979860,2026-02-13 10:51:00,1,68502.38,205.50714,0.0029999999999999563,205.50714,,,0.0,0.0,,0.0,,,,0.0,,-0.0,,-0.1894414892753981,1.386773226713276,1.3867442657937905,0.0,0.0,0.0,0.0,2.5840760032316683,0.0,0.0,2.5840760032316683,False,1303357_YES.csv,1303357_YES
1770980220,2026-02-13 10:57:00,1,67240.0,201.72,0.0029999999999999554,201.72,,,0.0,0.0,,0.0,,,,0.0,,-0.0,,-0.1894414892753981,1.298916165387171,1.298897188015734,0.0,0.0,0.0,0.0,2.408371864127507,0.0,0.0,2.408371864127507,False,1303357_YES.csv,1303357_YES
1770980400,2026-02-13 11:00:00,1,68000.0,204.0,0.002999999999999956,204.0,,,0.0,0.0,,0.0,,,,0.0,,-0.0,,-0.1894414892753981,1.276281163923843,1.2762569913879307,0.0,0.0,0.0,0.0,2.3630966660363755,0.0,0.0,2.3630966660363755,False,1303357_YES.csv,1303357_YES
1770980640,2026-02-13 11:04:00,1,66048.0,198.144,0.0029999999999999545,198.144,,,0.0,0.0,,0.0,,,,0.0,,-0.0,,-0.1894414892753981,1.1742776388118175,1.1742685952380716,0.0,0.0,0.0,0.0,2.159104744774491,0.0,0.0,2.159104744774491,False,1303357_YES.csv,1303357_YES
1770980700,2026-02-13 11:05:00,1,1.65,0.0033,0.001999999998787879,0.0033,,,0.0,0.0,,0.0,,,,0.0,,-0.0,,-0.1894414892753981,-0.8703783011758333,-0.869867062921904,0.0,0.0,0.0,0.0,-1.9296868533731355,0.0,0.0,-1.9296868533731355,False,1303357_YES.csv,1303357_YES
1770980820,2026-02-13 11:07:00,1,333.333333,1.0,0.0030000000029910003,1.0,,,0.0,0.0,,0.0,,,,0.0,,-0.0,,-0.1894414892753981,-0.8591373784677772,-0.8586294823395401,0.0,0.0,0.0,0.0,-1.9072083500827155,0.0,0.0,-1.9072083500827155,False,1303357_YES.csv,1303357_YES
1770980880,2026-02-13 11:08:00,1,64800.0,194.4,0.002999999999999954,194.4,,,0.0,0.0,,0.0,,,,0.0,,-0.0,,-0.1894414892753981,1.097904036364083,1.09790512403638,0.0,0.0,0.0,0.0,2.006367671125065,0.0,0.0,2.006367671125065,False,1303357_YES.csv,1303357_YES
1770981180,2026-02-13 11:13:00,1,68001.0,204.003,0.002999999999999956,204.003,,,0.0,0.0,,0.0,,,,0.0,,-0.0,,-0.1894414892753981,1.1561903234489876,1.156166552693304,0.0,0.0,0.0,0.0,2.1229153868668935,0.0,0.0,2.1229153868668935,False,1303357_YES.csv,1303357_YES
1770981360,2026-02-13 11:16:00,1,68279.29,204.83787,0.002999999999999956,204.83787,,,0.0,0.0,,0.0,,,,0.0,,-0.0,,-0.1894414892753981,1.1258171110045663,1.1257912613262886,0.0,0.0,0.0,0.0,2.0621668830554567,0.0,0.0,2.0621668830554567,False,1303357_YES.csv,1303357_YES
1770981540,2026-02-13 11:19:00,1,68289.31,204.86793,0.002999999999999956,204.86793,,,0.0,0.0,,0.0,,,,0.0,,-0.0,,-0.1894414892753981,1.0888251137839922,1.0887993120559947,0.0,0.0,0.0,0.0,1.9881829365645887,0.0,0.0,1.9881829365645887,False,1303357_YES.csv,1303357_YES
1770981660,2026-02-13 11:21:00,1,68289.31,204.86793,0.002999999999999956,204.86793,,,0.0,0.0,,0.0,,,,0.0,,-0.0,,-0.1894414892753981,1.0529883462609464,1.0529625819159854,0.0,0.0,0.0,0.0,1.9165094389015336,0.0,0.0,1.9165094389015336,False,1303357_YES.csv,1303357_YES
1770981840,2026-02-13 11:24:00,1,66666.0,199.998,0.0029999999999999545,199.998,,,0.0,0.0,,0.0,,,,0.0,,-0.0,,-0.1894414892753981,0.9707002023991835,0.9706889288034746,0.0,0.0,0.0,0.0,1.75194764192726,0.0,0.0,1.75194764192726,False,1303357_YES.csv,1303357_YES
1770982080,2026-02-13 11:28:00,1,68000.0,204.0,0.002999999999999956,204.0,,,0.0,0.0,,0.0,,,,0.0,,-0.0,,-0.1894414892753981,0.9781998105895924,0.9781763322540553,0.0,0.0,0.0,0.0,1.7669346535682495,0.0,0.0,1.7669346535682495,False,1303357_YES.csv,1303357_YES
1770982800,2026-02-13 11:40:00,1,972.0,2.916,0.0029999999999969136,2.916,,,0.0,0.0,,0.0,,,,0.0,,-0.0,,-0.1894414892753981,-1.065453330340607,-1.0648314841016793,0.0,0.0,0.0,0.0,-2.3197263037176845,0.0,0.0,-2.3197263037176845,False,1303357_YES.csv,1303357_YES
1770982860,2026-02-13 11:41:00,1,972.0,1.944,0.0019999999999979422,1.944,,,0.0,0.0,,0.0,,,,0.0,,-0.0,,-0.1894414892753981,-1.0760291598451115,-1.0754035347406725,0.0,0.0,0.0,0.0,-2.340874183861182,0.0,0.0,-2.340874183861182,False,1303357_YES.csv,1303357_YES
1770983040,2026-02-13 11:44:00,1,67317.31,201.95193,0.0029999999999999554,201.95193,,,0.0,0.0,,0.0,,,,0.0,,-0.0,,-0.1894414892753981,0.9259753309471248,0.9259579207312729,0.0,0.0,0.0,0.0,1.6624917624029996,0.0,0.0,1.6624917624029996,False,1303357_YES.csv,1303357_YES
1770983160,2026-02-13 11:46:00,1,66666.0,199.998,0.0029999999999999545,199.998,,,0.0,0.0,,0.0,,,,0.0,,-0.0,,-0.1894414892753981,0.8760249883992173,0.8760139060401126,0.0,0.0,0.0,0.0,1.5625974051639318,0.0,0.0,1.5625974051639318,False,1303357_YES.csv,1303357_YES
1770983340,2026-02-13 11:49:00,1,67000.0,201.0,0.002999999999999955,201.0,,,0.0,0.0,,0.0,,,,0.0,,-0.0,,-0.1894414892753981,0.8567759234216465,0.8567610864968285,0.0,0.0,0.0,0.0,1.5240955206430769,0.0,0.0,1.5240955206430769,False,1303357_YES.csv,1303357_YES
1770983520,2026-02-13 11:52:00,1,68000.0,204.0,0.002999999999999956,204.0,,,0.0,0.0,,0.0,,,,0.0,,-0.0,,-0.1894414892753981,0.8581833185925282,0.8581569865037613,0.0,0.0,0.0,0.0,1.5268988158208914,0.0,0.0,1.5268988158208914,False,1303357_YES.csv,1303357_YES
1770983640,2026-02-13 11:54:00,1,65000.0,195.0,0.002999999999999954,195.0,,,0.0,0.0,,0.0,,,,0.0,,-0.0,,-0.1894414892753981,0.7378684325750755,0.7378767948636409,0.0,0.0,0.0,0.0,1.2863037381633182,0.0,0.0,1.2863037381633182,False,1303357_YES.csv,1303357_YES
1770983820,2026-02-13 11:57:00,1,67222.0,201.666,0.002999999999999955,201.666,,,0.0,0.0,,0.0,,,,0.0,,-0.0,,-0.1894414892753981,0.779849826002214,0.7798306525384398,0.0,0.0,0.0,0.0,1.3702389892652556,0.0,0.0,1.3702389892652556,False,1303357_YES.csv,1303357_YES
1770983940,2026-02-13 11:59:00,1,64000.0,192.0,0.0029999999999999532,192.0,,,0.0,0.0,,0.0,,,,0.0,,-0.0,,-0.1894414892753981,0.6519464895371094,0.6519694176491323,0.0,0.0,0.0,0.0,1.1144744179108437,0.0,0.0,1.1144744179108437,False,1303357_YES.csv,1303357_YES
1770984120,2026-02-13 12:02:00,1,75479.47,226.43841,0.00299999999999996,226.43841,,,0.0,0.0,,0.0,,,,0.0,,-0.0,,-0.1894414892753981,0.9882615099666844,0.9881244010187114,0.0,0.0,0.0,0.0,1.7869444217099977,0.0,0.0,1.7869444217099977,False,1303357_YES.csv,1303357_YES
1770984780,2026-02-13 12:13:00,1,666.67,2.00001,0.0029999999999955,2.00001,,,0.0,0.0,,0.0,,,,0.0,,-0.0,,-0.1894414892753981,-1.4324924802409083,-1.431551467391623,0.0,0.0,0.0,0.0,-3.0534854369079296,0.0,0.0,-3.0534854369079296,False,1303357_YES.csv,1303357_YES
1770987900,2026-02-13 13:05:00,1,666.666666,2.0,0.0030000000029955,2.0,,,0.0,0.0,,0.0,,,,0.0,,-0.0,,-0.1894414892753981,-1.4334322785826057,-1.432490011517508,0.0,0.0,0.0,0.0,-3.055363779375512,0.0,0.0,-3.055363779375512,False,1303357_YES.csv,1303357_YES
1770988080,2026-02-13 13:08:00,1,666.66,1.33332,0.0019999999999970003,1.33332,,,0.0,0.0,,0.0,,,,0.0,,-0.0,,-0.1894414892753981,-1.4385972667685623,-1.437654494822977,0.0,0.0,0.0,0.0,-3.0656932508669374,0.0,0.0,-3.0656932508669374,False,1303357_YES.csv,1303357_YES
1770990660,2026-02-13 13:51:00,1,125.0,0.25,0.001999999999984,0.25,,,0.0,0.0,,0.0,,,,0.0,,-0.0,,-0.1894414892753981,-1.4485531257533593,-1.4476074528838627,0.0,0.0,0.0,0.0,-3.08560206791262,0.0,0.0,-3.08560206791262,False,1303357_YES.csv,1303357_YES
1770994800,2026-02-13 15:00:00,1,940.0,2.82,0.002999999999996808,2.82,,,0.0,0.0,,0.0,,,,0.0,,-0.0,,-0.1894414892753981,-1.4224236745403358,-1.4214882274402547,0.0,0.0,0.0,0.0,-3.0333533912559885,0.0,0.0,-3.0333533912559885,False,1303357_YES.csv,1303357_YES
1770994860,2026-02-13 15:01:00,1,940.0,1.88,0.0019999999999978724,1.88,,,0.0,0.0,,0.0,,,,0.0,,-0.0,,-0.1894414892753981,-1.4336033319622905,-1.4326619819336344,0.0,0.0,0.0,0.0,-3.055706803171323,0.0,0.0,-3.055706803171323,False,1303357_YES.csv,1303357_YES
1770998820,2026-02-13 16:07:00,1,2000.0,6.0,0.0029999999999985,6.0,,,0.0,0.0,,0.0,,,,0.0,,-0.0,,-0.1894414892753981,-1.3693427095599946,-1.3684465337210627,0.0,0.0,0.0,0.0,-2.9272307325564553,0.0,0.0,-2.9272307325564553,False,1303357_YES.csv,1303357_YES
1770999000,2026-02-13 16:10:00,1,2000.0,4.0,0.001999999999999,4.0,,,0.0,0.0,,0.0,,,,0.0,,-0.0,,-0.1894414892753981,-1.3780035076042045,-1.3771142095111968,0.0,0.0,0.0,0.0,-2.9445592063907995,0.0,0.0,-2.9445592063907995,False,1303357_YES.csv,1303357_YES
1771005840,2026-02-13 18:04:00,1,7800.0,23.4,0.0029999999999996154,23.4,,,0.0,0.0,,0.0,,,,0.0,,-0.0,,-0.137045722997399,-1.1817660315051959,-1.1815928889648484,0.0,0.0,0.0,0.0,-2.5004046434674434,0.0,0.0,-2.5004046434674434,False,1303357_YES.csv,1303357_YES
1771009620,2026-02-13 19:07:00,1,285.0,0.855,0.0029999999999894738,0.855,,,0.0,0.0,,0.0,,,,0.0,,-0.0,,-0.1290994448735797,-1.4228717549240821,-1.4228635504041107,0.0,0.0,0.0,0.0,-2.9748347502017722,0.0,0.0,-2.9748347502017722,False,1303357_YES.csv,1303357_YES
1771016160,2026-02-13 20:56:00,1,1250.0,3.75,0.0029999999999976,3.75,,,0.0,0.0,,0.0,,,,0.0,,-0.0,,0.0,-1.3939308772486543,-1.3939308772486547,0.0,0.0,0.0,0.0,-2.787861754497309,0.0,0.0,-2.787861754497309,False,1303357_YES.csv,1303357_YES
1771016820,2026-02-13 21:07:00,2,1333.34,4.00002,0.00299999999999775,2.00001,,,0.0,0.0,,0.0,,,,0.0,,-0.0,,7.616867247541254,-1.3881381902835934,-1.4084261105841605,0.0,0.0,0.0,0.0,4.8203029466735,0.0,0.0,4.8203029466735,False,1303357_YES.csv,1303357_YES
1771016880,2026-02-13 21:08:00,1,1666.67,5.0000100000000005,0.0029999999999982003,5.0000100000000005,,,0.0,0.0,,0.0,,,,0.0,,-0.0,,-0.1290994448735801,-1.3800432491342585,-1.3789867165443102,0.0,0.0,0.0,0.0,-2.888129410552149,0.0,0.0,-2.888129410552149,False,1303357_YES.csv,1303357_YES
1771017960,2026-02-13 21:26:00,1,3000.01,6.00002,0.001999999999999333,6.00002,,,0.0,0.0,,0.0,,,,0.0,,-0.0,,-0.1290994448735801,-1.3202570476876445,-1.319264726786291,0.0,0.0,0.0,0.0,-2.7686212193475157,0.0,0.0,-2.7686212193475157,False,1303357_YES.csv,1303357_YES
1771023360,2026-02-13 22:56:00,1,333.333333,1.0,0.0030000000029910003,1.0,,,0.0,0.0,,0.0,,,,0.0,,-0.0,,-0.1290994448735801,-1.326771797995084,-1.3258127451736719,0.0,0.0,0.0,0.0,-2.781683988042336,0.0,0.0,-2.781683988042336,False,1303357_YES.csv,1303357_YES
1771023960,2026-02-13 23:06:00,1,100.0,0.3,0.0029999999999699998,0.3,,0.0025,0.0,0.0,0.001,0.4,2526029.16,388727.47,2914756.63,0.0,0.7332693467447402,-0.0,0.7332693467447402,-0.1290994448735801,-1.3310170692609293,-1.3300588721459499,0.0,0.0,0.0,0.0,-2.7901753862804592,0.0,0.0,-2.7901753862804592,False,1303357_YES.csv,1303357_YES
1771027620,2026-02-14 00:07:00,1,161.0,0.483,0.0029999999999813665,0.483,,0.0025,0.0,0.0,0.001,0.4,2526029.16,388727.47,2914756.63,0.0,0.7332693467447402,-0.0,0.7332693467447402,-0.1290994448735801,-1.2822564311696816,-1.2813497311768332,0.0,0.0,0.0,0.0,-2.6927056072200948,0.0,0.0,-2.6927056072200948,False,1303357_YES.csv,1303357_YES
1771028640,2026-02-14 00:24:00,1,108.6,0.3258,0.0029999999999723755,0.3258,,0.0025,0.0,0.0,0.001,0.4,2525019.1100000003,383639.12,2908658.2300000004,-6098.399999999441,0.7362088704385182,6098.399999999441,0.7362088704385182,-0.1290994448735801,-1.240222677035127,-1.2393631104816611,0.0,7.616867247541253,0.0,0.0,-2.608685232390368,7.616867247541253,0.0,5.008182015150885,False,1303357_YES.csv,1303357_YES
1771035780,2026-02-14 02:23:00,1,1214.3,2.4286,0.001999999999998353,2.4286,,0.0025,0.0,0.0,0.001,0.4,2525019.1100000003,383639.12,2908658.2300000004,0.0,0.7362088704385182,-0.0,0.7362088704385182,-0.1290994448735801,-1.1774152550903767,-1.1766035409278779,0.0,-0.12909944487358058,0.0,0.0,-2.4831182408918346,-0.12909944487358058,0.0,-2.6122176857654154,False,1303357_YES.csv,1303357_YES
1771036620,2026-02-14 02:37:00,1,108.6,0.3258,0.0029999999999723755,0.3258,,0.0025,0.0,0.0,0.001,0.4,2525019.1100000003,383639.12,2908658.2300000004,0.0,0.7362088704385182,-0.0,0.7362088704385182,-0.1290994448735801,-1.1982516640204972,-1.1974319592193094,0.0,-0.12909944487358058,0.0,0.0,-2.5247830681133867,-0.12909944487358058,0.0,-2.6538825129869674,False,1303357_YES.csv,1303357_YES
1771038780,2026-02-14 03:13:00,1,108.6,0.2172,0.001999999999981584,0.2172,,0.0025,0.0,0.0,0.001,0.4,2525019.1100000003,383639.12,2908658.2300000004,0.0,0.7362088704385182,-0.0,0.7362088704385182,-0.1290994448735801,-1.1588631406979322,-1.158080085446991,0.0,-0.12909944487358058,0.0,0.0,-2.4460426710185033,-0.12909944487358058,0.0,-2.575142115892084,False,1303357_YES.csv,1303357_YES
1771039740,2026-02-14 03:29:00,1,18333.333333,54.99999999999999,0.0030000000000543364,54.99999999999999,,0.0025,0.0,0.0,0.001,0.4,2525019.1100000003,383639.12,2908658.2300000004,0.0,0.7362088704385182,-0.0,0.7362088704385182,-0.1290994448735801,-0.5846262931748839,-0.5840672736024856,0.0,-0.12909944487358058,0.0,0.0,-1.2977930116509495,-0.12909944487358058,0.0,-1.42689245652453,False,1303357_YES.csv,1303357_YES
1771040100,2026-02-14 03:35:00,1,305.6,0.9168,0.0029999999999901833,0.9168,,0.0025,0.0,0.0,0.001,0.4,2525019.1100000003,383639.12,2908658.2300000004,0.0,0.7362088704385182,-0.0,0.7362088704385182,-0.1290994448735801,-1.0937047629959056,-1.092968861854669,0.0,-0.12909944487358058,0.0,0.0,-2.3157730697241545,-0.12909944487358058,0.0,-2.4448725145977352,False,1303357_YES.csv,1303357_YES
1771040640,2026-02-14 03:44:00,1,18333.33,36.66666000000001,0.001999999999999891,36.66666000000001,,0.0025,0.0,0.0,0.001,0.4,2525019.1100000003,383639.12,2908658.2300000004,0.0,0.7362088704385182,-0.0,0.7362088704385182,-0.1290994448735801,-0.7082722262766122,-0.707681642102988,0.0,-0.12909944487358058,0.0,0.0,-1.5450533132531805,-0.12909944487358058,0.0,-1.674152758126761,False,1303357_YES.csv,1303357_YES
1771040880,2026-02-14 03:48:00,1,137.4,0.4122,0.002999999999978166,0.4122,,0.0025,0.0,0.0,0.001,0.4,2387934.9000000004,345808.48,2733743.3800000004,-174914.8500000001,0.7470073580937213,174914.8500000001,0.7470073580937213,-0.1290994448735801,-1.0390820973484396,-1.03838664721149,0.0,7.612237925213683,0.0,0.0,-2.2065681894335096,7.612237925213683,0.0,5.405669735780173,False,1303357_YES.csv,1303357_YES
1771045020,2026-02-14 04:57:00,1,112.8,0.3384,0.002999999999973404,0.3384,,0.0025,0.0,0.0,0.001,0.4,2387761.2100000004,347776.56,2735537.7700000005,1794.3900000001304,0.7457344118483877,0.0,0.7457344118483877,-0.1290994448735801,-1.0057873492035792,-1.0051168085084132,0.0,-0.1335982411286755,0.0,0.0,-2.1400036025855727,-0.1335982411286755,0.0,-2.273601843714248,False,1303357_YES.csv,1303357_YES
1771061280,2026-02-14 09:28:00,1,1666.666666,5.0,0.0030000000011982,5.0,,0.0025,0.0,0.0,0.001,0.4,2387761.2100000004,347776.56,2735537.7700000005,0.0,0.7457344118483877,-0.0,0.7457344118483877,-0.1290994448735801,-0.9273933733216858,-0.9267576796346741,0.0,-0.1335982411286755,0.0,0.0,-1.9832504978299401,-0.1335982411286755,0.0,-2.1168487389586157,False,1303357_YES.csv,1303357_YES
1771064400,2026-02-14 10:20:00,1,1000.0,3.0,0.002999999999997,3.0,,0.0025,0.0,0.0,0.001,0.4,2387761.2100000004,347776.56,2735537.7700000005,0.0,0.7457344118483877,-0.0,0.7457344118483877,-0.1290994448735801,-0.9163600349684091,-0.9157364509956518,0.0,-0.1335982411286755,0.0,0.0,-1.961195930837641,-0.1335982411286755,0.0,-2.0947941719663166,False,1303357_YES.csv,1303357_YES
1771066740,2026-02-14 10:59:00,1,1000.0,2.0,0.001999999999998,2.0,,0.0025,0.0,0.0,0.001,0.4,2387761.2100000004,347776.56,2735537.7700000005,0.0,0.7457344118483877,-0.0,0.7457344118483877,-0.1290994448735801,-0.8958652984023618,-0.8952558879096824,0.0,-0.1335982411286755,0.0,0.0,-1.9202206311856242,-0.1335982411286755,0.0,-2.0538188723142996,False,1303357_YES.csv,1303357_YES
1771074900,2026-02-14 13:15:00,1,10.0,0.03,0.0029999999997,0.03,,0.0025,0.0,0.0,0.001,0.4,3363827.3000000003,337048.71,3700876.0100000002,965338.2399999998,0.817854632746802,0.0,0.817854632746802,-0.1290994448735801,-0.8855468324197093,-0.8849469929944365,0.0,-0.1335982411286755,0.0,0.0,-1.8995932702877258,-0.1335982411286755,0.0,-2.033191511416401,False,1303357_YES.csv,1303357_YES
1771078740,2026-02-14 14:19:00,1,333.333333,1.0,0.0030000000029910003,1.0,,0.0025,0.0,0.0,0.001,0.4,3363827.3000000003,337048.71,3700876.0100000002,0.0,0.817854632746802,-0.0,0.817854632746802,-0.1290994448735801,-0.8464131454616888,-0.8458302129495592,0.0,-0.1335982411286755,0.0,0.0,-1.821342803284828,-0.1335982411286755,0.0,-1.9549410444135036,False,1303357_YES.csv,1303357_YES
1771079700,2026-02-14 14:35:00,1,200.0,0.6,0.002999999999985,0.6,,0.0025,0.0,0.0,0.001,0.4,3363827.3000000003,337048.71,3700876.0100000002,0.0,0.817854632746802,-0.0,0.817854632746802,-0.1290994448735801,-0.8218143958061985,-0.8212436180076197,0.0,-0.1335982411286755,0.0,0.0,-1.7721574586873983,-0.1335982411286755,0.0,-1.9057556998160738,False,1303357_YES.csv,1303357_YES
1771079760,2026-02-14 14:36:00,1,200.0,0.6,0.002999999999985,0.6,,0.0025,0.0,0.0,0.001,0.4,3361426.68,44056.34,3405483.02,-295392.9900000002,0.9741262312915601,295392.9900000002,0.9741262312915601,-0.1290994448735801,-0.7937749806607414,-0.79321500893271,0.0,6.5363772356111625,0.0,0.0,-1.7160894344670314,6.5363772356111625,0.0,4.820287801144131,False,1303357_YES.csv,1303357_YES
1771106100,2026-02-14 21:55:00,1,333.33,0.66666,0.001999999999994,0.66666,,0.0025,0.0,0.0,0.001,0.4,3361426.68,44056.34,3405483.02,0.0,0.9741262312915601,-0.0,0.9741262312915601,-0.1290994448735801,-0.7932726961366409,-0.7927127559195039,0.0,-0.18054963982509836,0.0,0.0,-1.7150848969297248,-0.18054963982509836,0.0,-1.895634536754823,False,1303357_YES.csv,1303357_YES
1771113540,2026-02-14 23:59:00,1,27348.37,82.04511,0.0029999999999998903,82.04511,,0.0025,0.0,0.0,0.001,0.4,3361426.68,44056.34,3405483.02,0.0,0.9741262312915601,-0.0,0.9741262312915601,-0.1290994448735801,0.0716192875966989,0.071950245558836,0.0,-0.18054963982509836,0.0,2.187099132819676,0.014470088281954799,2.0065494929945777,0.0,2.0210195812765326,False,1303357_YES.csv,1303357_YES
1771125840,2026-02-15 03:24:00,1,333.333333,1.0,0.0030000000029910003,1.0,,0.0025,0.0,0.0,0.001,0.4,3317909.16,324943.29,3642852.45,237369.43000000017,0.8215995325311625,0.0,0.8215995325311625,-0.1290994448735801,-0.7531426206609553,-0.7525898901436749,0.0,-0.18054963982509836,0.0,0.3999946078443331,-1.6348319556782103,0.21944496801923474,0.0,-1.4153869876589755,False,1303357_YES.csv,1303357_YES
1771133580,2026-02-15 05:33:00,1,16117.0,32.234,0.001999999999999876,32.234,,0.0025,0.0,0.0,0.001,0.4,3313366.09,328677.72,3642043.8099999996,-808.640000000596,0.8195091892648048,808.640000000596,0.8195091892648048,-0.1290994448735801,-0.39734248861702265,-0.3968795274995349,0.0,-0.16247715940284543,0.0,0.3656930916945057,-0.9233214609901377,0.20321593229166027,0.0,-0.7201055286984774,False,1303357_YES.csv,1303357_YES
1771139940,2026-02-15 07:19:00,1,123.0,0.246,0.0019999999999837396,0.246,,0.0025,0.0,0.0,0.001,0.4,3313366.09,328677.72,3642043.8099999996,0.0,0.8195091892648048,-0.0,0.8195091892648048,-0.1290994448735801,-0.7158649090713602,-0.7153181272183476,0.0,-0.18086576807716315,0.0,0.35693949104222383,-1.5602824811632878,0.17607372296506069,0.0,-1.3842087581982272,False,1303357_YES.csv,1303357_YES
1771141680,2026-02-15 07:48:00,1,15594.0,46.782,0.002999999999999808,46.782,,0.0025,0.0,0.0,0.001,0.4,3263251.45,294016.21,3557267.66,-84776.14999999944,0.8346954808567877,84776.14999999944,0.8346954808567877,-0.1290994448735801,-0.1816918534819366,-0.1812739884801885,0.0,1.6734030735955658,0.0,0.5308099773113474,-0.49206528683570516,2.204213050906913,0.0,1.712147764071208,False,1303357_YES.csv,1303357_YES
1771149060,2026-02-15 09:51:00,1,7137.19,21.41157,0.0029999999999995794,21.41157,,0.0025,0.0,0.0,0.001,0.4,3263173.09,267682.83,3530855.92,-26411.740000000224,0.8483751044704196,26411.740000000224,0.8483751044704196,-0.1290994448735801,-0.43956909742334954,-0.4390796538726213,0.0,0.3681858624580417,0.0,0.6824891640090127,-1.007748196169551,1.0506750264670544,0.0,0.04292683029750344,False,1303357_YES.csv,1303357_YES
1771168200,2026-02-15 15:10:00,1,100.0,0.2,0.00199999999998,0.2,,0.0025,0.0,0.0,0.001,0.4,3297184.16,278633.25,3575817.41,44961.49000000022,0.8441568916685822,0.0,0.8441568916685822,-0.1290994448735801,-0.6552241013870033,-0.654677555253796,0.0,-0.2174457762807713,0.0,0.6122245842014575,-1.4390011015143793,0.3947788079206862,0.0,-1.0442222935936931,False,1303357_YES.csv,1303357_YES
1771168500,2026-02-15 15:15:00,1,5000.0,15.0,0.0029999999999994,15.0,,0.0025,0.0,0.0,0.001,0.4,3297184.16,278633.25,3575817.41,0.0,0.8441568916685822,-0.0,0.8441568916685822,-0.1290994448735801,-0.4873811076623616,-0.48687399655499086,0.0,-0.2174457762807713,0.0,0.5969313351133381,-1.1033545490909327,0.37948555883256674,0.0,-0.7238689902583659,False,1303357_YES.csv,1303357_YES
1771196760,2026-02-15 23:06:00,1,2894.506666,6.5600000000000005,0.002266362028823017,6.5600000000000005,,0.0025,0.0,0.0,0.001,0.4,3297184.16,278633.25,3575817.41,0.0,0.8441568916685822,-0.0,0.8441568916685822,-0.1290994448735801,-0.5868565803167212,-0.5863242400699711,0.0,-0.2174457762807713,0.0,0.5827394526188528,-1.3022802652602723,0.3652936763380815,0.0,-0.9369865889221908,False,1303357_YES.csv,1303357_YES
1771196880,2026-02-15 23:08:00,1,2.17,0.00217,0.0009999999995391705,0.00217,,0.0025,0.0,0.0,0.001,0.4,3297184.16,278633.25,3575817.41,0.0,0.8441568916685822,-0.0,0.8441568916685822,-0.1290994448735801,-0.6373594147479913,-0.63681091439829,0.0,-0.2174457762807713,0.0,0.5695220407217213,-1.4032697740198614,0.35207626444094997,0.0,-1.0511935095789116,False,1303357_YES.csv,1303357_YES
1771196940,2026-02-15 23:09:00,1,500.0,1.0,0.001999999999996,1.0,,0.0025,0.0,0.0,0.001,0.4,3297184.16,278633.25,3575817.41,0.0,0.8441568916685822,-0.0,0.8441568916685822,-0.1290994448735801,-0.60024698593585,-0.5997002288119224,0.0,-0.2174457762807713,0.0,0.5571718485838073,-1.3290466596213526,0.339726072303036,0.0,-0.9893205873183166,False,1303357_YES.csv,1303357_YES
1771197060,2026-02-15 23:11:00,1,5.78,0.00578,0.0009999999998269895,0.00578,,0.0025,0.0,0.0,0.001,0.4,3297184.16,278633.25,3575817.41,0.0,0.8441568916685822,-0.0,0.8441568916685822,-0.1290994448735801,-0.5872310866556466,-0.5866783243083651,0.0,-0.2174457762807713,0.0,0.545597515934664,-1.3030088558375919,0.32815173965389266,0.0,-0.9748571161836992,False,1303357_YES.csv,1303357_YES
1771197120,2026-02-15 23:12:00,1,2.88,0.0028799999999999,0.0009999999996527778,0.0028799999999999,,0.0025,0.0,0.0,0.001,0.4,3297184.16,278633.25,3575817.41,0.0,0.8441568916685822,-0.0,0.8441568916685822,-0.1290994448735801,-0.56229584686182,-0.561737572613876,0.0,-0.2174457762807713,0.0,0.5347206612788958,-1.253132864349276,0.3172748849981245,0.0,-0.9358579793511516,False,1303357_YES.csv,1303357_YES
1771198380,2026-02-15 23:33:00,1,2.9,0.0029,0.0009999999996551723,0.0029,,0.0025,0.0,0.0,0.001,0.4,3297184.16,278633.25,3575817.41,0.0,0.8441568916685822,-0.0,0.8441568916685822,-0.1290994448735801,-0.5373878731996755,-0.5368213253084607,0.0,-0.2174457762807713,0.0,0.5244735978339294,-1.2033086433817162,0.3070278215531581,0.0,-0.8962808218285581,False,1303357_YES.csv,1303357_YES
1771198680,2026-02-15 23:38:00,1,2.9,0.0029,0.0009999999996551723,0.0029,,0.0025,0.0,0.0,0.001,0.4,3297184.16,278633.25,3575817.41,0.0,0.8441568916685822,-0.0,0.8441568916685822,-0.1290994448735801,-0.5122716838111204,-0.5116951009952969,0.0,-0.2174457762807713,0.0,0.5147975231114639,-1.1530662296799976,0.29735174683069254,0.0,-0.8557144828493051,False,1303357_YES.csv,1303357_YES
1771198740,2026-02-15 23:39:00,1,4.36,0.00436,0.000999999999770642,0.00436,,0.0025,0.0,0.0,0.001,0.4,3297184.16,278633.25,3575817.41,0.0,0.8441568916685822,-0.0,0.8441568916685822,-0.1290994448735801,-0.4872566537122016,-0.48666477563059374,0.0,-0.2174457762807713,0.0,0.5056410701444984,-1.1030208742163754,0.2881952938637271,0.0,-0.8148255803526483,False,1303357_YES.csv,1303357_YES
1771206480,2026-02-16 01:48:00,1,333.33,0.66666,0.001999999999994,0.66666,,0.0025,0.0,0.0,0.001,0.4,3297184.16,278633.25,3575817.41,0.0,0.8441568916685822,-0.0,0.8441568916685822,-0.1290994448735801,-0.47694480955601554,-0.4763554932677667,0.0,-0.2174457762807713,0.0,0.4969591378718723,-1.0823997476973624,0.27951336159110096,0.0,-0.8028863861062614,False,1303357_YES.csv,1303357_YES
1771207020,2026-02-16 01:57:00,1,366.666665,1.1,0.0030000000136281182,1.1,,0.0025,0.0,0.0,0.001,0.4,3297184.16,278633.25,3575817.41,0.0,0.8441568916685822,-0.0,0.8441568916685822,-0.1290994448735801,-0.4703861830269735,-0.46979841339152134,0.0,-0.2174457762807713,0.0,0.48871193918417155,-1.069284041292075,0.2712661629034002,0.0,-0.7980178783886748,False,1303357_YES.csv,1303357_YES
1771207080,2026-02-16 01:58:00,2,666.666664,2.0,0.0030000000119954997,1.0,,0.0025,0.0,0.0,0.001,0.4,3298281.56,369919.3,3668200.86,92383.44999999972,0.7983102266651778,0.0,0.7983102266651778,5.340099874222078,-0.4310935821992573,-0.4455297524443991,0.0,-0.2174457762807713,0.0,-0.18047284812494188,4.463476539578422,-0.3979186244057132,0.0,4.065557915172708,False,1303357_YES.csv,1303357_YES
1771215660,2026-02-16 04:21:00,1,250.5,0.7515000000000001,0.0029999999999880244,0.7515000000000001,,0.0025,0.0,0.0,0.001,0.4,3298281.56,369919.3,3668200.86,0.0,0.7983102266651778,-0.0,0.7983102266651778,-0.1841413749731757,-0.4243170993938746,-0.42336260559235545,0.0,-0.2174457762807713,0.0,-0.17812940953083714,-1.0318210799594056,-0.39557518581160844,0.0,-1.427396265771014,False,1303357_YES.csv,1303357_YES
1771260660,2026-02-16 16:51:00,1,100.5,0.3015,0.002999999999970149,0.3015,,0.0025,0.0,0.0,0.001,0.4,3298281.56,369919.3,3668200.86,0.0,0.7983102266651778,-0.0,0.7983102266651778,-0.1841413749731757,-0.40587409603982094,-0.40486359339175726,0.0,-0.2174457762807713,0.0,-0.17587496970743896,-0.9948790644047539,-0.39332074598821026,0.0,-1.3881998103929643,False,1303357_YES.csv,1303357_YES
1771262700,2026-02-16 17:25:00,1,100.39,0.30117,0.0029999999999701164,0.30117,,0.0025,0.0,0.0,0.001,0.4,3239658.74,322144.64,3561803.3800000004,-106397.47999999952,0.8191114973898418,106397.47999999952,0.8191114973898418,-0.1841413749731757,-0.3803603191784857,-0.3792704559685978,0.0,2.027386765561719,0.0,0.13916474424342165,-0.9437721501202592,2.1665515098051404,0.0,1.2227793596848813,False,1303357_YES.csv,1303357_YES
1771264200,2026-02-16 17:50:00,1,2873.51,4.363060000000001,0.0015183730002673716,4.363060000000001,,0.0025,0.0,0.0,0.001,0.4,3239658.74,322144.64,3561803.3800000004,0.0,0.8191114973898418,-0.0,0.8191114973898418,-0.1841413749731757,-0.2683676716678767,-0.2672027001632229,0.0,-0.24760358769639604,0.0,0.13750646454371132,-0.7197117468042753,-0.11009712315268472,0.0,-0.82980886995696,False,1303357_YES.csv,1303357_YES
1771266360,2026-02-16 18:26:00,1,200.88,0.20088,0.000999999999995022,0.20088,,0.0025,0.0,0.0,0.001,0.4,3239658.74,322144.64,3561803.3800000004,0.0,0.8191114973898418,-0.0,0.8191114973898418,-0.1841413749731757,-0.3345219276303392,-0.33314531416062254,0.0,-0.24760358769639604,0.0,0.13590607697922413,-0.8518086167641374,-0.1116975107171719,0.0,-0.9635061274813094,False,1303357_YES.csv,1303357_YES
1771271940,2026-02-16 19:59:00,1,162.0,0.162,0.0009999999999938272,0.162,,0.0025,0.0,0.0,0.001,0.4,3239658.74,322144.64,3561803.3800000004,0.0,0.8191114973898418,-0.0,0.8191114973898418,-0.1841413749731757,-0.3155800925994763,-0.31390177871136216,0.0,-0.24760358769639604,0.0,0.13436029016122492,-0.8136232462840142,-0.11324329753517112,0.0,-0.9268665438191853,False,1303357_YES.csv,1303357_YES
1771274520,2026-02-16 20:42:00,1,500.0,1.0,0.001999999999996,1.0,,0.0025,0.0,0.0,0.001,0.4,3239658.74,322144.64,3561803.3800000004,0.0,0.8191114973898418,-0.0,0.8191114973898418,-0.1841413749731757,-0.36869531852343396,-0.365032982692814,0.0,-0.24760358769639604,0.0,0.13286606882027588,-0.9178696761894236,-0.11473751887612016,0.0,-1.0326071950655438,False,1303357_YES.csv,1303357_YES
1771275960,2026-02-16 21:06:00,1,1333.33,2.66666,0.0019999999999985,2.66666,,0.0025,0.0,0.0,0.001,0.4,3239658.74,322144.64,3561803.3800000004,0.0,0.8191114973898418,-0.0,0.8191114973898418,-0.1841413749731757,-0.25841985622117286,-0.2548557437008132,0.0,-0.24760358769639604,0.0,0.13142060874274128,-0.6974169748951617,-0.11618297895365476,0.0,-0.8135999538488166,False,1303357_YES.csv,1303357_YES
1771278060,2026-02-16 21:41:00,1,5590.0,11.18,0.001999999999999642,11.18,,0.0025,0.0,0.0,0.001,0.4,3239658.74,322144.64,3561803.3800000004,0.0,0.8191114973898418,-0.0,0.8191114973898418,-0.1841413749731757,0.2988582025401284,0.3019067068947407,0.0,-0.24760358769639604,0.0,0.1300213146407958,0.4166235344616934,-0.11758227305560023,0.0,0.2990412614060932,False,1303357_YES.csv,1303357_YES
1771278660,2026-02-16 21:51:00,1,5590.0,5.59,0.000999999999999821,5.59,,0.0025,0.0,0.0,0.001,0.4,3239658.74,322144.64,3561803.3800000004,0.0,0.8191114973898418,-0.0,0.8191114973898418,-0.1841413749731757,-0.07857138324963359,-0.07516281250268464,0.0,-0.24760358769639604,0.0,0.12866578055871825,-0.3378755707254939,-0.11893780713767779,0.0,-0.45681337786317167,False,1303357_YES.csv,1303357_YES
1771280280,2026-02-16 22:18:00,1,3075.0,6.15,0.0019999999999993495,6.15,,0.0025,0.0,0.0,0.001,0.4,3239658.74,322144.64,3561803.3800000004,0.0,0.8191114973898418,-0.0,0.8191114973898418,-0.1841413749731757,-0.04784240530416155,-0.04445679846335052,0.0,-0.24760358769639604,0.0,0.12735177247896337,-0.2764405787406878,-0.12025181521743267,0.0,-0.39669239395812045,False,1303357_YES.csv,1303357_YES
1771280940,2026-02-16 22:29:00,1,3075.0,3.075,0.0009999999999996748,3.075,,0.0025,0.0,0.0,0.001,0.4,3239658.74,322144.64,3561803.3800000004,0.0,0.8191114973898418,-0.0,0.8191114973898418,-0.1841413749731757,-0.253665420465659,-0.25007664949308944,0.0,-0.24760358769639604,0.0,0.1260772128420244,-0.6878834449319242,-0.12152637485437165,0.0,-0.8094098197862959,False,1303357_YES.csv,1303357_YES
1771289700,2026-02-17 00:55:00,1,6686.55,13.3731,0.001999999999999701,13.3731,,0.0025,0.0,0.0,0.001,0.4,3239658.74,322144.64,3561803.3800000004,0.0,0.8191114973898418,-0.0,0.8191114973898418,-0.1841413749731757,0.4216215301026969,0.42452487609615047,0.0,-0.24760358769639604,0.0,0.12484016673613058,0.6620050312256717,-0.12276342096026546,0.0,0.5392416102654062,False,1303357_YES.csv,1303357_YES
1771318140,2026-02-17 08:49:00,3,1033.32,1.03332,0.0009999999999990323,0.34444,,0.0025,0.0,0.0,0.001,0.4,3239658.74,322144.64,3561803.3800000004,0.0,0.8191114973898418,-0.0,0.8191114973898418,6.2019626800934,-0.39665333640112044,-0.4379270719784002,0.0,-0.24760358769639604,0.0,0.12363882954804467,5.367382271713879,-0.12396475814835137,0.0,5.243417513565528,False,1303357_YES.csv,1303357_YES
1771341600,2026-02-17 15:20:00,1,666.66,1.33332,0.0019999999999970003,1.33332,,0.0015,-0.4,0.4,0.001,0.6666666666666666,3365423.71,94262.23,3459685.94,-102117.44000000041,0.9455082156965958,102117.44000000041,0.9455082156965958,-0.21386078207218617,-0.37335178056167684,-0.3687681417560964,0.0,1.8439528573714277,7.616867247541254,2.1875444436157307,-0.9559807043899594,4.031497300987159,7.616867247541254,10.692383844138453,True,1303357_YES.csv,1303357_YES
1771342260,2026-02-17 15:31:00,1,666.66,1.33332,0.0019999999999970003,1.33332,,0.0015,0.0,0.0,0.001,0.6666666666666666,3365423.71,94262.23,3459685.94,0.0,0.9455082156965958,-0.0,0.9455082156965958,-0.21386078207218617,-0.3521387197071967,-0.3475716358663319,0.0,-0.27569290190092444,-0.12909944487358058,2.075859291000562,-0.9135711376457147,1.8001663890996378,-0.12909944487358058,0.7574958065803424,False,1303357_YES.csv,1303357_YES
1771355940,2026-02-17 19:19:00,1,2666.65,2.66665,0.000999999999999625,2.66665,,0.0015,0.0,0.0,0.001,0.6666666666666666,3365423.71,94262.23,3459685.94,0.0,0.9455082156965958,-0.0,0.9455082156965958,-0.21386078207218617,-0.26463066885020814,-0.26016631603210316,0.0,-0.27569290190092444,-0.12909944487358058,1.9797520049117734,-0.7386577669544975,1.704059103010849,-0.12909944487358058,0.8363018911827709,False,1303357_YES.csv,1303357_YES
1771381080,2026-02-18 02:18:00,1,15.0,0.015,0.0009999999999333333,0.015,,0.0015,0.0,0.0,0.001,0.6666666666666666,3365423.71,94262.23,3459685.94,0.0,0.9455082156965958,-0.0,0.9455082156965958,-0.21386078207218617,-0.4383943919206846,-0.4337281145046177,0.0,-0.27569290190092444,-0.12909944487358058,1.8959080153633678,-1.0859832884974885,1.6202151134624434,-0.12909944487358058,0.4051323800913743,False,1303357_YES.csv,1303357_YES
1771389660,2026-02-18 04:41:00,1,1000.0,2.0,0.001999999999998,2.0,,0.0015,0.0,0.0,0.001,0.6666666666666666,3481424.75,259546.47,3740971.22,281285.28000000026,0.8612411297834041,0.0,0.8612411297834041,-0.17439143079297406,-0.3025127573851261,-0.30041453804455315,0.0,-0.27569290190092444,-0.12909944487358058,0.6000307534615834,-0.7773187262226533,0.324337851560659,-0.12909944487358058,-0.5820803195355749,False,1303357_YES.csv,1303357_YES
1771397940,2026-02-18 06:59:00,1,77181.23,77.18123,0.000999999999999987,77.18123,,0.0015,0.0,0.0,0.001,0.6666666666666666,3501536.74,255579.01,3757115.75,16144.529999999795,0.8639493553000065,0.0,0.8639493553000065,-0.17439143079297406,3.981105002631082,3.9802791546296614,0.0,-0.27569290190092444,-0.12909944487358058,0.6339397800942045,7.786992726467769,0.35824687819328005,-0.12909944487358058,8.016140159787469,True,1303357_YES.csv,1303357_YES
1771448340,2026-02-18 20:59:00,1,500.0,1.0,0.001999999999996,1.0,,0.0015,0.0,0.0,0.001,0.6666666666666666,3369027.7,298530.55,3667558.25,-89557.5,0.8372047396929552,89557.5,0.8372047396929552,-0.17439143079297406,-0.3789470840971349,-0.3771084591716558,0.0,1.5219585710944452,-0.12909944487358058,0.21850016508327938,-0.9304469740617648,1.7404587361777246,-0.12909944487358058,0.6809123172423792,False,1303357_YES.csv,1303357_YES
1771450320,2026-02-18 21:32:00,1,510.0,1.02,0.0019999999999960787,1.02,,0.0015,0.0,0.0,0.001,0.6666666666666666,3369575.16,297880.27,3667455.43,-102.81999999983236,0.837554797496203,102.81999999983236,0.837554797496203,-0.17439143079297406,-0.3778242398165916,-0.3759862652155552,0.0,-0.2986332735114515,-0.12909944487358058,0.22202084422445237,-0.9282019358251209,-0.07661242928699916,-0.12909944487358058,-1.1339138099857005,False,1303357_YES.csv,1303357_YES
1771510680,2026-02-19 14:18:00,1,500.0,1.0,0.001999999999996,1.0,,0.0015,0.0,0.0,0.001,0.6666666666666666,3369575.16,297880.27,3667455.43,0.0,0.837554797496203,-0.0,0.837554797496203,-0.17439143079297406,-0.37973967813869064,-0.37789957462980667,0.0,-0.30072585637752236,-0.12909944487358058,0.19809585667347937,-0.9320306835614713,-0.10262999970404299,-0.12909944487358058,-1.1637601281390948,False,1303357_YES.csv,1303357_YES
1771515000,2026-02-19 15:30:00,1,680.0,1.36,0.001999999999997059,1.36,,0.0015,0.0,0.0,0.001,0.6666666666666666,3369575.16,297880.27,3667455.43,0.0,0.837554797496203,-0.0,0.837554797496203,-0.17439143079297406,-0.3600841082438313,-0.3582547277943025,0.0,-0.30072585637752236,-0.12909944487358058,0.1735182425672063,-0.8927302668311079,-0.12720761381031606,-0.12909944487358058,-1.1490373255150044,False,1303357_YES.csv,1303357_YES
1771515060,2026-02-19 15:31:00,2,1280.0,2.56,0.0019999999999984375,1.28,,0.0015,0.0,0.0,0.001,0.6666666666666666,3369575.16,297880.27,3667455.43,0.0,0.837554797496203,-0.0,0.837554797496203,2.994050949010607,-0.2937203315627579,-0.36387531925561567,0.0,-0.2985081034193125,-0.12909944487358058,0.1487974301508073,2.3364552981922335,-0.1497106732685052,-0.12909944487358058,2.0576451800501476,False,1303357_YES.csv,1303357_YES
1771515180,2026-02-19 15:33:00,1,1960.0,1.96,0.0009999999999994898,1.96,,0.0015,0.0,0.0,0.001,0.6666666666666666,3369575.16,297880.27,3667455.43,0.0,0.837554797496203,-0.0,0.837554797496203,-0.21386078207218617,-0.3276141142089854,-0.32444849393349756,0.0,-0.2985081034193125,-0.12909944487358058,0.12325988246221882,-0.865923390214669,-0.1752482209570937,-0.12909944487358058,-1.1702710560453433,False,1303357_YES.csv,1303357_YES
1771516740,2026-02-19 15:59:00,1,15.0,0.015,0.0009999999999333333,0.015,,0.0015,0.0,0.0,0.001,0.6666666666666666,3184456.53,394254.85,3578711.38,-88744.05000000028,0.7796665849035302,88744.05000000028,0.7796665849035302,-0.21386078207218617,-0.4387197627873443,-0.4354420838808147,0.0,1.4506987528354118,-0.12909944487358058,-0.8839386881733634,-1.0880226287403452,0.5667600646620484,-0.12909944487358058,-0.6503620089518773,False,1303357_YES.csv,1303357_YES
1771530060,2026-02-19 19:41:00,1,333.33,0.33333,0.000999999999997,0.33333,,0.0015,0.0,0.0,0.001,0.6666666666666666,3144816.05,299805.67,3444621.7199999997,-134089.66000000015,0.8259282473548358,134089.66000000015,0.8259282473548358,-0.21386078207218617,-0.4206110387494622,-0.4173514338297628,0.0,2.2143757431343922,-0.12909944487358058,-0.1158684460429046,-1.0518232546514112,2.0985072970914875,-0.12909944487358058,0.9175845975664957,False,1303357_YES.csv,1303357_YES
1771571880,2026-02-20 07:18:00,1,154.0,0.154,0.0009999999999935065,0.154,,0.0015,0.0,0.0,0.001,0.6666666666666666,3144816.05,299805.67,3444621.7199999997,0.0,0.8259282473548358,-0.0,0.8259282473548358,-0.21386078207218617,-0.40447770541789735,-0.4010513980884143,0.0,-0.3519341582669349,-0.12909944487358058,-0.14586354849554858,-1.0193898855784977,-0.49779770676248347,-0.12909944487358058,-1.6462870372145617,False,1303357_YES.csv,1303357_YES
1771601700,2026-02-20 15:35:00,1,333.33,0.33333,0.000999999999997,0.33333,,0.0015,0.0,0.0,0.001,0.6666666666666666,3106084.87,302725.96,3408810.83,-35810.889999999665,0.8223861779974455,35810.889999999665,0.8223861779974455,-0.21386078207218617,-0.3928121794329714,-0.38939896739481555,0.0,0.32207492525487436,-0.12909944487358058,-0.24234744801519065,-0.9960719288999731,0.07972747723968371,-0.12909944487358058,-1.04544389653387,False,1303357_YES.csv,1303357_YES
1771606560,2026-02-20 16:56:00,1,2043.33,2.04333,0.0009999999999995106,2.04333,,0.0015,0.0,0.0,0.001,0.6666666666666666,3100859.45,299321.79,3400181.24,-8629.589999999851,0.8239377439774357,8629.589999999851,0.8239377439774357,-0.21386078207218617,-0.26029089066229016,-0.25693297398386694,0.0,-0.2011440107058147,-0.12909944487358058,-0.247925857238569,-0.7310846467183433,-0.4490698679443837,-0.12909944487358058,-1.3092539595363075,False,1303357_YES.csv,1303357_YES
