market_id,condition_id,question,description,end_date,volume_24hr,liquidity,yes_token_id,no_token_id,tags,created_at
1308327,0x4b78de44ea49d0eb8d5fee85352294b6f679a47c56944c6ad5c945e9a2ba7211,Government shutdown on Saturday?,"This market will resolve to “Yes” if the U.S. Office of Personnel Management (OPM) announces a new federal government shutdown due to a lapse in appropriations by February 14, 2026, 11:59 PM ET. Otherwise, this market will resolve to ""No"".

A continuation, without any reopening, of the partial government shutdown which began on January 31, 2026, will not qualify.

Partial shutdowns count as shutdowns; announcements of office closures due to holidays or inclement weather do not qualify as a shutdown.

The resolution source for this market will be OPM’s Operating Status page (https://www.opm.gov/policy-data-oversight/snow-dismissal-procedures/current-status/).",2026-02-14T00:00:00Z,5932125.001122994,90585.44361,7648925155044397287047798308912067661131447591491670430094875295487039626662,43946269812975261940442841140057396362355013850035195910637438338242851933505,,2026-02-14T02:34:53.101558
572473,0x46d40e851b24d9b0af4bc1942ccd86439cae82a9011767da14950df0ad997adf,Will Trump nominate Judy Shelton as the next Fed chair?,"This market will resolve according to the next individual Donald Trump, as President of the United States, formally nominates to be Chair of the Federal Reserve by December 31, 2026, 11:59 PM ET. 

Formal nominations are defined as the submission of a nomination message to the U.S. Senate.

Acting or interim appointments will not count unless the individual is formally nominated to be Chair of the Federal Reserve by submission of a nomination message to the U.S. Senate.

The primary resolution source for this market will be official information from the U.S. Senate (see: https://www.senate.gov/legislative/nominations_new.htm), however a consensus of credible reporting may also be used.",2026-12-31T00:00:00Z,2882914.2853590045,3467286.90033,5031084282167950494806674428243037744881029417420880897305642929037077494331,20939351535690701474621316837957321939118947084394902825750156021315806001424,,2026-02-14T02:34:53.101601
1303357,0x73acf1ef075d83bedb89e5c32e9083477adbde563cd0d76b78b56defdf2d6438,"Will Ethereum reach $4,400 in February?","This market will immediately resolve to ""Yes"" if any Binance 1 minute candle for ETH/USDT during the month specified in the title (from 00:00 AM ET on the first day to 11:59 PM ET on the last), has a final High price equal to or greater than the price specified in the title. Otherwise, this market will resolve to ""No.""

The resolution source for this market is Binance, specifically the ETH/USDT High prices available at https://www.binance.com/en/trade/ETH_USDT, with the chart settings on ""1m"" for one-minute candles selected on the top bar.

Please note that the outcome of this market depends solely on the price data from the Binance ETH/USDT trading pair. Prices from other exchanges, different trading pairs, or spot markets will not be considered for the resolution of this market.",2026-03-01T05:00:00Z,2783980.2347700004,243434.77255,108999384188108521715304668689630764454260618208482429430624780380952570648070,248267515227980084974200788604003065853520856444892385895516545819840653679,,2026-02-14T02:34:53.101626
572469,0x61b66d02793b4a68ab0cc25be60d65f517fe18c7d654041281bb130341244fcc,Will Trump nominate Kevin Warsh as the next Fed chair?,"This market will resolve according to the next individual Donald Trump, as President of the United States, formally nominates to be Chair of the Federal Reserve by December 31, 2026, 11:59 PM ET. 

Formal nominations are defined as the submission of a nomination message to the U.S. Senate.

Acting or interim appointments will not count unless the individual is formally nominated to be Chair of the Federal Reserve by submission of a nomination message to the U.S. Senate.

The primary resolution source for this market will be official information from the U.S. Senate (see: https://www.senate.gov/legislative/nominations_new.htm), however a consensus of credible reporting may also be used.",2026-12-31T00:00:00Z,597504.0715390008,572341.7455,51338236787729560681434534660841415073585974762690814047670810862722808070955,18289842382539867639079362738467334752951741961393928566628307174343542320349,,2026-02-14T02:34:53.101651
1345822,0x091a562f6b4b504a03c3ef40e578ae3b0ca52c9512a65e51885760d74c904e78,"Will the price of Bitcoin be above $70,000 on February 13?","This market will resolve to ""Yes"" if the Binance 1 minute candle for BTC/USDT 12:00 in the ET timezone (noon) on the date specified in the title has a final ""Close"" price higher than the price specified in the title. Otherwise, this market will resolve to ""No"".

The resolution source for this market is Binance, specifically the BTC/USDT ""Close"" prices currently available at https://www.binance.com/en/trade/BTC_USDT with ""1m"" and ""Candles"" selected on the top bar.

Please note that this market is about the price according to Binance BTC/USDT, not according to other sources or spot markets.

Price precision is determined by the number of decimal places in the source.",2026-02-13T17:00:00Z,595890.051822999,327921.63391,7514338355482411107885297642147346700682602688822253701101006408397180395381,108853481568553649253715212514076495978343067195498290598399317284340774311096,,2026-02-14T02:34:53.101674
1345814,0x8d1fce5655ae29eac34e619e3ccbcb72232617acdc320b3009b37a74b5ab2e58,"Will the price of Bitcoin be above $64,000 on February 13?","This market will resolve to ""Yes"" if the Binance 1 minute candle for BTC/USDT 12:00 in the ET timezone (noon) on the date specified in the title has a final ""Close"" price higher than the price specified in the title. Otherwise, this market will resolve to ""No"".

The resolution source for this market is Binance, specifically the BTC/USDT ""Close"" prices currently available at https://www.binance.com/en/trade/BTC_USDT with ""1m"" and ""Candles"" selected on the top bar.

Please note that this market is about the price according to Binance BTC/USDT, not according to other sources or spot markets.

Price precision is determined by the number of decimal places in the source.",2026-02-13T17:00:00Z,303978.08674699994,138678.45427,47680289545801809322028600483794205587034769109260194448038539698736513824425,77151626993680918419855904035848013024938870716472296383265106570363930033910,,2026-02-14T02:34:53.101696
