start,end,start_datetime,end_datetime,duration_buckets,duration_minutes,num_anomalous_buckets,peak_stress_score,peak_trade_count,peak_amount_sum,peak_avg_trade_size,total_amount,snapshot_covered,num_snapshot_buckets,max_abs_midpoint_return,max_spread,min_total_depth,max_abs_depth_imbalance,peak_activity_component,peak_liquidity_component,peak_price_component,mean_activity_component,mean_liquidity_component,mean_price_component,dominant_driver,market_file,market_stem
1770888600,1770888600,2026-02-12 09:30:00,2026-02-12 09:30:00,1,1,1,13.19580987126057,2.0,190.35000000000002,95.17500000000001,190.35000000000002,False,0,,,,,13.19580987126057,0.0,0.0,13.19580987126057,0.0,0.0,activity,1303357_YES.csv,1303357_YES
1771341600,1771341600,2026-02-17 15:20:00,2026-02-17 15:20:00,1,1,1,10.692383844138453,1.0,1.33332,1.33332,1.33332,True,1,0.4,0.001,3459685.94,0.9455082156965958,-0.9559807043899594,4.031497300987159,7.616867247541254,-0.9559807043899594,4.031497300987159,7.616867247541254,price_dislocation,1303357_YES.csv,1303357_YES
1771397940,1771397940,2026-02-18 06:59:00,2026-02-18 06:59:00,1,1,1,8.016140159787469,1.0,77.18123,77.18123,77.18123,True,1,0.0,0.001,3757115.75,0.8639493553000065,7.786992726467769,0.35824687819328005,-0.12909944487358058,7.786992726467769,0.35824687819328005,-0.12909944487358058,activity,1303357_YES.csv,1303357_YES
1770889080,1770889080,2026-02-12 09:38:00,2026-02-12 09:38:00,1,1,1,7.900271646142632,2.0,190.20000000000002,95.10000000000001,190.20000000000002,False,0,,,,,7.900271646142632,0.0,0.0,7.900271646142632,0.0,0.0,activity,1303357_YES.csv,1303357_YES
1770888840,1770888840,2026-02-12 09:34:00,2026-02-12 09:34:00,1,1,1,7.30044623923052,1.0,190.2,190.2,190.2,False,0,,,,,7.30044623923052,0.0,0.0,7.30044623923052,0.0,0.0,activity,1303357_YES.csv,1303357_YES
1771012800,1771012800,2026-02-13 20:00:00,2026-02-13 20:00:00,1,1,1,23.573357999727122,2.0,8189.0501589999985,4094.5250794999993,8189.0501589999985,True,1,0.10756972111553798,0.01,50774.619999999995,0.33529271120098975,14.649847937076927,2.6197631485039197,6.303746914146274,14.649847937076927,2.6197631485039197,6.303746914146274,activity,1308327_YES.csv,1308327_YES
1771020240,1771020360,2026-02-13 22:04:00,2026-02-13 22:06:00,3,3,3,18.513652329842344,8.0,5299.870286,734.0488196666666,7507.266742000001,True,3,0.05323193916349811,0.009,52381.38,0.4369690145620448,14.485614607562805,12.599459146971395,6.507457443085774,8.715952643510475,2.711300198318819,1.9097407193738674,mixed,1308327_YES.csv,1308327_YES
1771025040,1771025040,2026-02-13 23:24:00,2026-02-13 23:24:00,1,1,1,16.28214588406881,2.0,926.6209,463.31045,926.6209,True,1,0.07664233576642321,0.005,14862.23,0.3312968511454876,3.563436297633384,5.817595712289536,6.901113874145892,3.563436297633384,5.817595712289536,6.901113874145892,price_dislocation,1308327_YES.csv,1308327_YES
1771049340,1771049340,2026-02-14 06:09:00,2026-02-14 06:09:00,1,1,1,16.244199299124364,11.0,1169.729198,106.339018,1169.729198,True,1,0.05970149253731338,0.005,17664.54,0.5073067286212944,8.33795339423348,7.404465855828069,0.5017800490628175,8.33795339423348,7.404465855828069,0.5017800490628175,mixed,1308327_YES.csv,1308327_YES
1771058880,1771058880,2026-02-14 08:48:00,2026-02-14 08:48:00,1,1,1,15.877774973400712,16.0,37.61853,2.351158125,37.61853,True,1,0.11904761904761907,0.001,60289.11,0.8852366538500901,5.289086000156495,6.937111183093718,3.6515777901504984,5.289086000156495,6.937111183093718,3.6515777901504984,liquidity,1308327_YES.csv,1308327_YES
1771043940,1771043940,2026-02-14 04:39:00,2026-02-14 04:39:00,1,1,1,15.648609082044146,7.0,966.99948,138.14278285714286,966.99948,True,1,0.31950207468879666,0.016,8571.32,0.8181563633139354,5.805695630207498,3.375361621654333,6.467551830182317,5.805695630207498,3.375361621654333,6.467551830182317,mixed,1308327_YES.csv,1308327_YES
1771114320,1771114320,2026-02-15 00:12:00,2026-02-15 00:12:00,1,1,1,14.998756749286423,1.0,100.0,100.0,100.0,True,1,0.16666666666666663,0.002,1901936.0499999998,0.8869768307930228,10.344037319896938,1.488332581013208,3.1663868483762787,10.344037319896938,1.488332581013208,3.1663868483762787,activity,1308327_YES.csv,1308327_YES
1771083360,1771083360,2026-02-14 15:36:00,2026-02-14 15:36:00,1,1,1,14.102857908596556,1.0,441.86254,441.86254,441.86254,True,1,0.0,0.001,131105.38,0.48753331098998376,12.477338044424659,2.147917410628888,-0.5223975464569921,12.477338044424659,2.147917410628888,-0.5223975464569921,activity,1308327_YES.csv,1308327_YES
1771041600,1771041600,2026-02-14 04:00:00,2026-02-14 04:00:00,1,1,1,14.081557443568258,3.0,2239.042519,746.3475063333334,2239.042519,True,1,0.0658436213991771,0.017,6363.99,0.31712966236590573,8.462222473843045,3.441527121276821,2.177807848448393,8.462222473843045,3.441527121276821,2.177807848448393,activity,1308327_YES.csv,1308327_YES
1771007940,1771007940,2026-02-13 18:39:00,2026-02-13 18:39:00,1,1,1,14.01388012609179,3.0,22.83124,7.610413333333334,22.83124,True,1,0.07065217391304335,0.01,15502.97,0.708080451681194,-1.219854368990716,7.616867247541253,7.616867247541252,-1.219854368990716,7.616867247541253,7.616867247541252,mixed,1308327_YES.csv,1308327_YES
1771067940,1771067940,2026-02-14 11:19:00,2026-02-14 11:19:00,1,1,1,13.91296913035314,18.0,358.78772,19.93265111111111,358.78772,True,1,0.0,0.002,130581.16,0.6735429521379653,12.252515516781576,2.111530237030956,-0.45107662345939326,12.252515516781576,2.111530237030956,-0.45107662345939326,activity,1308327_YES.csv,1308327_YES
1771088040,1771088040,2026-02-14 16:54:00,2026-02-14 16:54:00,1,1,1,13.730779550472068,5.0,19.946269,3.9892538,19.946269,True,1,0.1724137931034484,0.002,94730.89,0.7123375490296777,2.8547105621221056,6.559429589392844,4.316639398957119,2.8547105621221056,6.559429589392844,4.316639398957119,liquidity,1308327_YES.csv,1308327_YES
1771072920,1771072920,2026-02-14 12:42:00,2026-02-14 12:42:00,1,1,1,13.605679324790852,6.0,398.26164,66.37694,398.26164,True,1,0.02564102564102566,0.002,88265.76,0.5307743342378743,9.041231667238302,3.871549559904558,0.6928980976479922,9.041231667238302,3.871549559904558,0.6928980976479922,activity,1308327_YES.csv,1308327_YES
1771083540,1771083540,2026-02-14 15:39:00,2026-02-14 15:39:00,1,1,1,12.685844155780462,5.0,30.703198,6.1406396,30.703198,True,1,0.08108108108108092,0.002,122990.48,0.7054048410901397,2.3567722617915123,7.322414251722361,3.0066576422665894,2.3567722617915123,7.322414251722361,3.0066576422665894,liquidity,1308327_YES.csv,1308327_YES
1771004220,1771004220,2026-02-13 17:37:00,2026-02-13 17:37:00,1,1,1,12.468504304494092,1.0,1775.09805,1775.09805,1775.09805,False,0,,,,,12.468504304494092,0.0,0.0,12.468504304494092,0.0,0.0,activity,1308327_YES.csv,1308327_YES
1771012980,1771012980,2026-02-13 20:03:00,2026-02-13 20:03:00,1,1,1,12.234895271864815,4.0,40.803348,10.200837,40.803348,True,1,0.06115107913669071,0.003,10818.740000000002,0.5825724622275792,1.191345179897051,7.820203481537043,3.2233466104307205,1.191345179897051,7.820203481537043,3.2233466104307205,liquidity,1308327_YES.csv,1308327_YES
1771085340,1771085340,2026-02-14 16:09:00,2026-02-14 16:09:00,1,1,1,12.052804307598414,3.0,40.289879,13.429959666666667,40.289879,True,1,0.06451612903225823,0.003,152683.05,0.4302691752620871,1.1243167091141948,9.141657565934091,1.7868300325501276,1.1243167091141948,9.141657565934091,1.7868300325501276,liquidity,1308327_YES.csv,1308327_YES
1771079400,1771079400,2026-02-14 14:30:00,2026-02-14 14:30:00,1,1,1,11.683681547248199,2.0,183.45963,91.729815,183.45963,True,1,0.08823529411764697,0.003,79711.23,0.31143604232427474,7.124606891892398,2.1994057758213144,2.359668879534486,7.124606891892398,2.1994057758213144,2.359668879534486,activity,1308327_YES.csv,1308327_YES
1771097040,1771097040,2026-02-14 19:24:00,2026-02-14 19:24:00,1,1,1,11.609429415507293,2.0,309.919999,154.9599995,309.919999,True,1,0.0,0.001,107191.21,0.015818367942669893,14.087983073882597,-2.141266592921447,-0.3372870654538571,14.087983073882597,-2.141266592921447,-0.3372870654538571,activity,1308327_YES.csv,1308327_YES
1771038120,1771038120,2026-02-14 03:02:00,2026-02-14 03:02:00,1,1,1,11.384778705999175,5.0,2301.65064,460.33012799999995,2301.65064,True,1,0.0,0.005,24146.37,0.3006832911116661,11.75028339585879,0.1368629005881803,-0.5023675904477967,11.75028339585879,0.1368629005881803,-0.5023675904477967,activity,1308327_YES.csv,1308327_YES
1771014060,1771014060,2026-02-13 20:21:00,2026-02-13 20:21:00,1,1,1,10.967487917977888,5.0,55.452199,11.0904398,55.452199,True,1,0.1030534351145036,0.009,19091.43,0.7789971730771345,1.623795275117859,4.767781990099216,4.575910652760812,1.623795275117859,4.767781990099216,4.575910652760812,mixed,1308327_YES.csv,1308327_YES
1771041240,1771041240,2026-02-14 03:54:00,2026-02-14 03:54:00,1,1,1,10.942023527934536,1.0,34.999998999999995,34.999998999999995,34.999998999999995,True,1,0.06944444444444431,0.008,4266.64,0.524290776817355,-0.8944700650438344,9.01336933013715,2.8231242628412203,-0.8944700650438344,9.01336933013715,2.8231242628412203,liquidity,1308327_YES.csv,1308327_YES
1771024860,1771024860,2026-02-13 23:21:00,2026-02-13 23:21:00,1,1,1,10.662603874174362,5.0,1771.6289179999999,354.32578359999997,1771.6289179999999,True,1,0.014814814814814836,0.004,39855.72,0.36815543666003275,6.172189581031523,1.6646450758218252,2.825769217321014,6.172189581031523,1.6646450758218252,2.825769217321014,activity,1308327_YES.csv,1308327_YES
1771044120,1771044120,2026-02-14 04:42:00,2026-02-14 04:42:00,1,1,1,10.149193572539422,6.0,665.325,110.8875,665.325,True,1,0.15243902439024382,0.027,38087.619999999995,0.5062852443917473,3.7896603670829387,3.7050125098320357,2.654520695624449,3.7896603670829387,3.7050125098320357,2.654520695624449,mixed,1308327_YES.csv,1308327_YES
1771133580,1771133580,2026-02-15 05:33:00,2026-02-15 05:33:00,1,1,1,10.147691527357633,1.0,1.0,1.0,1.0,True,1,0.6666666666666667,0.001,1846417.55,1.0,-1.0216183778750791,5.203797580524406,5.965512324708305,-1.0216183778750791,5.203797580524406,5.965512324708305,mixed,1308327_YES.csv,1308327_YES
1771126440,1771126440,2026-02-15 03:34:00,2026-02-15 03:34:00,1,1,1,10.026827699875307,1.0,358.65036,358.65036,358.65036,True,1,0.0,0.001,1591066.8,0.8169284658569961,12.505138375848437,-2.2665044591580714,-0.21180621681506015,12.505138375848437,-2.2665044591580714,-0.21180621681506015,activity,1308327_YES.csv,1308327_YES
1771131600,1771131600,2026-02-15 05:00:00,2026-02-15 05:00:00,1,1,1,9.72656703094061,3.0,66.5612,22.187066666666666,66.5612,True,1,0.0,0.001,1118969.18,0.8844265755380322,3.1224175036235917,6.815381351352159,-0.21123182403514246,3.1224175036235917,6.815381351352159,-0.21123182403514246,liquidity,1308327_YES.csv,1308327_YES
1771057860,1771057860,2026-02-14 08:31:00,2026-02-14 08:31:00,1,1,1,9.721498332743435,12.0,253.69541999999998,21.141285,253.69541999999998,True,1,0.0,0.001,52849.84,0.5824017631841458,9.722083811462959,0.41599237457966476,-0.41657785329918817,9.722083811462959,0.41599237457966476,-0.41657785329918817,activity,1308327_YES.csv,1308327_YES
1770995460,1770995460,2026-02-13 15:11:00,2026-02-13 15:11:00,1,1,1,9.716291592360342,11.0,4907.329997000001,446.1209088181819,4907.329997000001,False,0,,,,,9.716291592360342,0.0,0.0,9.716291592360342,0.0,0.0,activity,1308327_YES.csv,1308327_YES
1771105140,1771105140,2026-02-14 21:39:00,2026-02-14 21:39:00,1,1,1,9.631525078680188,2.0,2.71848,1.35924,2.71848,True,1,0.0,0.002,237143.58,0.3850368624779975,0.05148639920277287,9.994669802386985,-0.4146311229095698,0.05148639920277287,9.994669802386985,-0.4146311229095698,liquidity,1308327_YES.csv,1308327_YES
1771038360,1771038360,2026-02-14 03:06:00,2026-02-14 03:06:00,1,1,1,9.613947930425255,9.0,130.674835,14.51942611111111,130.674835,True,1,0.11513157894736836,0.001,11541.630000000001,0.07919418660969028,0.2617049290922638,2.460861630875076,6.891381370457915,0.2617049290922638,2.460861630875076,6.891381370457915,price_dislocation,1308327_YES.csv,1308327_YES
1771100280,1771100280,2026-02-14 20:18:00,2026-02-14 20:18:00,1,1,1,9.594618926774595,1.0,48.99999999999999,48.99999999999999,48.99999999999999,True,1,0.07407407407407396,0.001,109369.65,0.11468602121338055,1.5825660788159412,5.142436937665522,2.8696159102931316,1.5825660788159412,5.142436937665522,2.8696159102931316,liquidity,1308327_YES.csv,1308327_YES
1771034220,1771034220,2026-02-14 01:57:00,2026-02-14 01:57:00,1,1,1,9.525706455832111,15.0,4.342639999999999,0.2895093333333333,4.342639999999999,True,1,0.009677419354838679,0.003,8739.52,0.5964080407161949,3.8682981297588412,4.882909397176904,0.7744989288963647,3.8682981297588412,4.882909397176904,0.7744989288963647,liquidity,1308327_YES.csv,1308327_YES
1771032780,1771032780,2026-02-14 01:33:00,2026-02-14 01:33:00,1,1,1,9.52435949808799,3.0,624.007989,208.00266299999998,624.007989,True,1,0.01577287066246058,0.004,22337.22,0.45932663061920864,7.498571988020395,0.9582181638661861,1.0675693462014098,7.498571988020395,0.9582181638661861,1.0675693462014098,activity,1308327_YES.csv,1308327_YES
1770999360,1770999360,2026-02-13 16:16:00,2026-02-13 16:16:00,1,1,1,14.280596831169866,5.0,21740.486150999997,4348.097230199999,21740.486150999997,False,0,,,,,14.280596831169866,0.0,0.0,14.280596831169866,0.0,0.0,activity,1345814_YES.csv,1345814_YES
1770983580,1770983580,2026-02-13 11:53:00,2026-02-13 11:53:00,1,1,1,13.501518052941524,7.0,20110.83604,2872.976577142857,20110.83604,False,0,,,,,13.501518052941524,0.0,0.0,13.501518052941524,0.0,0.0,activity,1345814_YES.csv,1345814_YES
1770949500,1770949500,2026-02-13 02:25:00,2026-02-13 02:25:00,1,1,1,13.321951312526242,2.0,1570.2284,785.1142,1570.2284,False,0,,,,,13.321951312526242,0.0,0.0,13.321951312526242,0.0,0.0,activity,1345814_YES.csv,1345814_YES
1770979800,1770979800,2026-02-13 10:50:00,2026-02-13 10:50:00,1,1,1,12.945921472162317,1.0,2417.14526,2417.14526,2417.14526,False,0,,,,,12.945921472162317,0.0,0.0,12.945921472162317,0.0,0.0,activity,1345814_YES.csv,1345814_YES
1770907980,1770907980,2026-02-12 14:53:00,2026-02-12 14:53:00,1,1,1,12.871829561533612,2.0,1448.54,724.27,1448.54,False,0,,,,,12.871829561533612,0.0,0.0,12.871829561533612,0.0,0.0,activity,1345814_YES.csv,1345814_YES
1770844980,1770844980,2026-02-11 21:23:00,2026-02-11 21:23:00,1,1,1,12.752301487848698,2.0,668.7,334.35,668.7,False,0,,,,,12.752301487848698,0.0,0.0,12.752301487848698,0.0,0.0,activity,1345814_YES.csv,1345814_YES
1770849660,1770849660,2026-02-11 22:41:00,2026-02-11 22:41:00,1,1,1,12.00045401434811,1.0,875.6,875.6,875.6,False,0,,,,,12.00045401434811,0.0,0.0,12.00045401434811,0.0,0.0,activity,1345814_YES.csv,1345814_YES
1770838560,1770838560,2026-02-11 19:36:00,2026-02-11 19:36:00,1,1,1,10.714857121584782,6.0,403.799995,67.29999916666667,403.799995,False,0,,,,,10.714857121584782,0.0,0.0,10.714857121584782,0.0,0.0,activity,1345814_YES.csv,1345814_YES
1770931440,1770931440,2026-02-12 21:24:00,2026-02-12 21:24:00,1,1,1,10.200573816031355,2.0,753.0,376.5,753.0,False,0,,,,,10.200573816031355,0.0,0.0,10.200573816031355,0.0,0.0,activity,1345814_YES.csv,1345814_YES
1770929400,1770929400,2026-02-12 20:50:00,2026-02-12 20:50:00,1,1,1,9.769685481778017,11.0,335.337995,30.485272272727272,335.337995,False,0,,,,,9.769685481778017,0.0,0.0,9.769685481778017,0.0,0.0,activity,1345814_YES.csv,1345814_YES
1771007820,1771007820,2026-02-13 18:37:00,2026-02-13 18:37:00,1,1,1,9.380142378847673,1.0,10761.20802,10761.20802,10761.20802,False,0,,,,,9.380142378847673,0.0,0.0,9.380142378847673,0.0,0.0,activity,1345814_YES.csv,1345814_YES
1770998700,1770998700,2026-02-13 16:05:00,2026-02-13 16:05:00,1,1,1,9.350553801535199,1.0,3496.5,3496.5,3496.5,False,0,,,,,9.350553801535199,0.0,0.0,9.350553801535199,0.0,0.0,activity,1345814_YES.csv,1345814_YES
1770924180,1770924180,2026-02-12 19:23:00,2026-02-12 19:23:00,1,1,1,9.186058992577571,1.0,399.0,399.0,399.0,False,0,,,,,9.186058992577571,0.0,0.0,9.186058992577571,0.0,0.0,activity,1345814_YES.csv,1345814_YES
1770940860,1770940860,2026-02-13 00:01:00,2026-02-13 00:01:00,1,1,1,8.368982542008206,3.0,777.02,259.00666666666666,777.02,False,0,,,,,8.368982542008206,0.0,0.0,8.368982542008206,0.0,0.0,activity,1345814_YES.csv,1345814_YES
1770912420,1770912420,2026-02-12 16:07:00,2026-02-12 16:07:00,1,1,1,8.219095820601359,17.0,782.807045,46.04747323529412,782.807045,False,0,,,,,8.219095820601359,0.0,0.0,8.219095820601359,0.0,0.0,activity,1345814_YES.csv,1345814_YES
1770977640,1770977640,2026-02-13 10:14:00,2026-02-13 10:14:00,1,1,1,19.742657138896334,10.0,600.0,60.0,600.0,False,0,,,,,19.742657138896334,0.0,0.0,19.742657138896334,0.0,0.0,activity,1345822_YES.csv,1345822_YES
1770996720,1770996780,2026-02-13 15:32:00,2026-02-13 15:33:00,2,2,2,18.317938549897903,30.0,3274.195656,109.1398552,3858.2929329999997,False,0,,,,,18.317938549897903,0.0,0.0,14.326850351144804,0.0,0.0,activity,1345822_YES.csv,1345822_YES
1770996300,1770996360,2026-02-13 15:25:00,2026-02-13 15:26:00,2,2,2,16.579107493973684,9.0,819.6420959999999,91.071344,1339.77855,False,0,,,,,16.579107493973684,0.0,0.0,16.136464056339484,0.0,0.0,activity,1345822_YES.csv,1345822_YES
1770906780,1770906840,2026-02-12 14:33:00,2026-02-12 14:34:00,2,2,2,16.059771979879763,6.0,949.2477979999999,199.999999,1149.247797,False,0,,,,,16.059771979879763,0.0,0.0,14.038100282059345,0.0,0.0,activity,1345822_YES.csv,1345822_YES
1770979800,1770979800,2026-02-13 10:50:00,2026-02-13 10:50:00,1,1,1,14.78925487042494,11.0,600.0,54.54545454545455,600.0,False,0,,,,,14.78925487042494,0.0,0.0,14.78925487042494,0.0,0.0,activity,1345822_YES.csv,1345822_YES
1770933420,1770933420,2026-02-12 21:57:00,2026-02-12 21:57:00,1,1,1,13.482037291296571,1.0,130.75,130.75,130.75,False,0,,,,,13.482037291296571,0.0,0.0,13.482037291296571,0.0,0.0,activity,1345822_YES.csv,1345822_YES
1770995520,1770995520,2026-02-13 15:12:00,2026-02-13 15:12:00,1,1,1,11.632460889175688,4.0,105.681049,26.42026225,105.681049,False,0,,,,,11.632460889175688,0.0,0.0,11.632460889175688,0.0,0.0,activity,1345822_YES.csv,1345822_YES
1770995880,1770995880,2026-02-13 15:18:00,2026-02-13 15:18:00,1,1,1,11.158350171647438,2.0,115.40989,57.704945,115.40989,False,0,,,,,11.158350171647438,0.0,0.0,11.158350171647438,0.0,0.0,activity,1345822_YES.csv,1345822_YES
1770933000,1770933000,2026-02-12 21:50:00,2026-02-12 21:50:00,1,1,1,10.62550533939423,2.0,51.4,25.7,51.4,False,0,,,,,10.62550533939423,0.0,0.0,10.62550533939423,0.0,0.0,activity,1345822_YES.csv,1345822_YES
1770948480,1770948480,2026-02-13 02:08:00,2026-02-13 02:08:00,1,1,1,10.336507510326793,2.0,350.67600000000004,175.33800000000002,350.67600000000004,False,0,,,,,10.336507510326793,0.0,0.0,10.336507510326793,0.0,0.0,activity,1345822_YES.csv,1345822_YES
1770822960,1770822960,2026-02-11 15:16:00,2026-02-11 15:16:00,1,1,1,10.13972630731078,1.0,299.999999,299.999999,299.999999,False,0,,,,,10.13972630731078,0.0,0.0,10.13972630731078,0.0,0.0,activity,1345822_YES.csv,1345822_YES
1770824040,1770824040,2026-02-11 15:34:00,2026-02-11 15:34:00,1,1,1,9.747343810236908,1.0,568.7424000000001,568.7424000000001,568.7424000000001,False,0,,,,,9.747343810236908,0.0,0.0,9.747343810236908,0.0,0.0,activity,1345822_YES.csv,1345822_YES
1771274940,1771275000,2026-02-16 20:49:00,2026-02-16 20:50:00,2,2,2,28.517862891381917,15.0,432.887376,72.147896,680.811139,True,2,0.016204913748039784,0.018,57099.54,0.4394312108293692,0.5887557831666511,20.805344488721595,7.609071000232868,0.34610159279705244,15.349677738337157,3.735815359303538,liquidity,572469_YES.csv,572469_YES
1771074900,1771074900,2026-02-14 13:15:00,2026-02-14 13:15:00,1,1,1,24.547766833366275,1.0,16688.41132,16688.41132,16688.41132,True,1,0.0005189413596262682,0.002,274908.72,0.29452808917810974,13.880441709411851,7.356774832812905,3.310550291141519,13.880441709411851,7.356774832812905,3.310550291141519,activity,572469_YES.csv,572469_YES
1771056060,1771056060,2026-02-14 08:01:00,2026-02-14 08:01:00,1,1,1,21.005901855174788,9.0,57760.893315999994,6417.877035111111,57760.893315999994,True,1,0.0,0.003,189150.99000000002,0.3096717072429808,17.20858312188962,4.134948546235898,-0.3376298129507317,17.20858312188962,4.134948546235898,-0.3376298129507317,activity,572469_YES.csv,572469_YES
1771220400,1771220400,2026-02-16 05:40:00,2026-02-16 05:40:00,1,1,1,20.212005869565218,1.0,5690.465719999999,5690.465719999999,5690.465719999999,True,1,0.001045478306325176,0.001,130515.7,0.5380897470572505,13.723251536726558,0.7526741534161632,5.7360801794224985,13.723251536726558,0.7526741534161632,5.7360801794224985,activity,572469_YES.csv,572469_YES
1771596600,1771596600,2026-02-20 14:10:00,2026-02-20 14:10:00,1,1,1,19.699086995396637,14.0,41167.333622000006,2940.5238301428576,41167.333622000006,True,1,0.0,0.001,127289.16,0.8493744479105684,20.782136163643095,-0.6577915991872435,-0.4252575690592113,20.782136163643095,-0.6577915991872435,-0.4252575690592113,activity,572469_YES.csv,572469_YES
1771307580,1771307580,2026-02-17 05:53:00,2026-02-17 05:53:00,1,1,1,18.879915157907863,1.0,12304.55633,12304.55633,12304.55633,True,1,0.001058761249338236,0.001,66042.51,0.6084376562913797,12.291342940426347,2.2677575174938225,4.320814699987693,12.291342940426347,2.2677575174938225,4.320814699987693,activity,572469_YES.csv,572469_YES
1771106580,1771106580,2026-02-14 22:03:00,2026-02-14 22:03:00,1,1,1,18.074018837352686,1.0,6388.8,6388.8,6388.8,True,1,0.0,0.001,152844.32,0.12443471893492672,13.689248204374564,4.568911982060384,-0.18414134908226326,13.689248204374564,4.568911982060384,-0.18414134908226326,activity,572469_YES.csv,572469_YES
1771404420,1771404420,2026-02-18 08:47:00,2026-02-18 08:47:00,1,1,1,17.929245222243864,2.0,6939.98382,3469.99191,6939.98382,True,1,0.0005299417064121847,0.002,51438.740000000005,0.8352755141358439,14.71106606429521,1.3246309442038016,1.8935482137448523,14.71106606429521,1.3246309442038016,1.8935482137448523,activity,572469_YES.csv,572469_YES
1771085460,1771085460,2026-02-14 16:11:00,2026-02-14 16:11:00,1,1,1,17.88045730241793,2.0,14397.387679999998,7198.693839999999,14397.387679999998,True,1,0.0,0.002,212567.08000000002,0.30298172228738335,14.939007875686059,3.226323758708092,-0.284874331976218,14.939007875686059,3.226323758708092,-0.284874331976218,activity,572469_YES.csv,572469_YES
1771458420,1771458420,2026-02-18 23:47:00,2026-02-18 23:47:00,1,1,1,17.714795694461472,1.0,2216.39412,2216.39412,2216.39412,True,1,0.0005305039787798504,0.002,249859.55,0.4740221056189367,12.097963129167745,1.9075415640910625,3.709291001202663,12.097963129167745,1.9075415640910625,3.709291001202663,activity,572469_YES.csv,572469_YES
1770984600,1770984600,2026-02-13 12:10:00,2026-02-13 12:10:00,1,1,1,17.692867759898412,7.0,17301.269640000002,2471.609948571429,17301.269640000002,False,0,,,,,17.692867759898412,0.0,0.0,17.692867759898412,0.0,0.0,activity,572469_YES.csv,572469_YES
1771595160,1771595220,2026-02-20 13:46:00,2026-02-20 13:47:00,2,2,2,17.520519897306723,3.0,997.849998,997.849998,1559.618427,True,2,0.0015932023366966863,0.002,81337.07,0.8754718495881516,12.681533445871857,7.121026782880547,4.63131650819032,9.224855026053858,3.366792669183261,2.1597273727409316,activity,572469_YES.csv,572469_YES
1771529700,1771529700,2026-02-19 19:35:00,2026-02-19 19:35:00,1,1,1,17.462331565780207,2.0,9188.224919999999,4594.112459999999,9188.224919999999,True,1,0.0005305039787798504,0.002,149554.35,0.7904427387100408,15.433375753894763,1.1139994685786587,0.9149563433067829,15.433375753894763,1.1139994685786587,0.9149563433067829,activity,572469_YES.csv,572469_YES
1771272900,1771272960,2026-02-16 20:15:00,2026-02-16 20:16:00,2,2,2,16.654692482453175,191.0,368.020692,1.9268099057591623,497.945268,True,2,0.0005230125523012497,0.002,87706.39,0.2216567163491571,8.82799183200525,5.571784650215324,2.2549160002326003,7.991932962554127,5.166932926800488,1.0182220624089713,activity,572469_YES.csv,572469_YES
1771506840,1771506840,2026-02-19 13:14:00,2026-02-19 13:14:00,1,1,1,16.449183914576825,1.0,1414.5,1414.5,1414.5,True,1,0.001585623678646897,0.003,56042.119999999995,0.4745180946045582,10.281884788207709,2.980602618908531,3.186696507460585,10.281884788207709,2.980602618908531,3.186696507460585,activity,572469_YES.csv,572469_YES
1770986880,1770986940,2026-02-13 12:48:00,2026-02-13 12:49:00,2,2,2,16.254081883373846,14.0,53737.595377,4638.808027499999,72292.827487,False,0,,,,,16.254081883373846,0.0,0.0,14.299104104870862,0.0,0.0,activity,572469_YES.csv,572469_YES
1771506600,1771506600,2026-02-19 13:10:00,2026-02-19 13:10:00,1,1,1,16.086101697114525,1.0,1250.52724,1250.52724,1250.52724,True,1,0.0,0.002,53971.99,0.5324878700970633,13.70978692699844,2.748546894363755,-0.3722321242476692,13.70978692699844,2.748546894363755,-0.3722321242476692,activity,572469_YES.csv,572469_YES
1771119540,1771119540,2026-02-15 01:39:00,2026-02-15 01:39:00,1,1,1,15.944319914836127,6.0,11925.122238,1987.520373,11925.122238,True,1,0.0,0.001,154288.78,0.1159683808505064,17.822463318885596,-1.5957391115589015,-0.28240429249056687,17.822463318885596,-1.5957391115589015,-0.28240429249056687,activity,572469_YES.csv,572469_YES
1771320540,1771320540,2026-02-17 09:29:00,2026-02-17 09:29:00,1,1,1,15.624737250408998,1.0,43.608,43.608,43.608,True,1,0.0010565240359217132,0.001,92296.79,0.5147079329627824,-1.3334278208090657,10.755641176275144,6.202523894942918,-1.3334278208090657,10.755641176275144,6.202523894942918,liquidity,572469_YES.csv,572469_YES
1771304280,1771304280,2026-02-17 04:58:00,2026-02-17 04:58:00,1,1,1,15.511302028595333,2.0,9670.8356,4835.4178,9670.8356,True,1,0.0,0.001,74747.64,0.534865314811277,15.480871803392937,0.1595296700759777,-0.12909944487358177,15.480871803392937,0.1595296700759777,-0.12909944487358177,activity,572469_YES.csv,572469_YES
1771484580,1771484580,2026-02-19 07:03:00,2026-02-19 07:03:00,1,1,1,15.305986760806153,2.0,5140.416698999999,2570.2083494999997,5140.416698999999,True,1,0.0,0.002,46527.18,0.5387577755625851,15.501605265899292,0.15854178489010862,-0.35416028998324617,15.501605265899292,0.15854178489010862,-0.35416028998324617,activity,572469_YES.csv,572469_YES
1771129980,1771129980,2026-02-15 04:33:00,2026-02-15 04:33:00,1,1,1,15.066022601675469,3.0,138.73009,46.24336333333333,138.73009,True,1,0.004179728317659448,0.002,94820.84,0.26609487956445016,0.10915113694256628,8.250076644442387,6.706794820290515,0.10915113694256628,8.250076644442387,6.706794820290515,liquidity,572469_YES.csv,572469_YES
1771351440,1771351440,2026-02-17 18:04:00,2026-02-17 18:04:00,1,1,1,15.005210265537874,5.0,8485.45386,1697.090772,8485.45386,True,1,0.0,0.002,49663.759999999995,0.24493473712018587,14.348677316987207,1.047385511387191,-0.3908525628365234,14.348677316987207,1.047385511387191,-0.3908525628365234,activity,572469_YES.csv,572469_YES
1771464420,1771464420,2026-02-19 01:27:00,2026-02-19 01:27:00,1,1,1,14.683629711520748,1.0,6856.13351,6856.13351,6856.13351,True,1,0.0,0.002,250730.32,0.47924686571612074,13.578448476719299,1.4183792484499538,-0.3131980136485048,13.578448476719299,1.4183792484499538,-0.3131980136485048,activity,572469_YES.csv,572469_YES
1771319640,1771319640,2026-02-17 09:14:00,2026-02-17 09:14:00,1,1,1,14.667457630449626,2.0,48.41628,24.20814,48.41628,True,1,0.0005282620179607456,0.002,102458.23000000001,0.3508273566701279,-0.3577818715570438,11.714741078193676,3.310498423812994,-0.3577818715570438,11.714741078193676,3.310498423812994,liquidity,572469_YES.csv,572469_YES
1771551840,1771551840,2026-02-20 01:44:00,2026-02-20 01:44:00,1,1,1,14.592645390140895,1.0,1010.14965,1010.14965,1010.14965,True,1,0.0,0.002,139459.41,0.8745967733550571,13.00595502944855,1.9575966503858457,-0.370906289693501,13.00595502944855,1.9575966503858457,-0.370906289693501,activity,572469_YES.csv,572469_YES
1770950400,1770950460,2026-02-13 02:40:00,2026-02-13 02:41:00,2,2,2,14.486445358466748,3.0,5762.83902,1920.9463400000002,8117.395005,False,0,,,,,14.486445358466748,0.0,0.0,14.307427394205526,0.0,0.0,activity,572469_YES.csv,572469_YES
1770939600,1770939600,2026-02-12 23:40:00,2026-02-12 23:40:00,1,1,1,14.451895451709538,1.0,2725.6446,2725.6446,2725.6446,False,0,,,,,14.451895451709538,0.0,0.0,14.451895451709538,0.0,0.0,activity,572469_YES.csv,572469_YES
1771141140,1771141140,2026-02-15 07:39:00,2026-02-15 07:39:00,1,1,1,14.44938190521102,1.0,2660.18398,2660.18398,2660.18398,True,1,0.0,0.001,105878.26,0.6362369385367684,12.143029731654213,2.6138096255979315,-0.307457452041124,12.143029731654213,2.6138096255979315,-0.307457452041124,activity,572469_YES.csv,572469_YES
1771358640,1771358640,2026-02-17 20:04:00,2026-02-17 20:04:00,1,1,1,14.413603245567474,3.0,6651.25652,2217.085506666667,6651.25652,True,1,0.0,0.001,197315.21,0.8391701278375854,15.124805238594014,-0.28831028083857135,-0.42289171218796945,15.124805238594014,-0.28831028083857135,-0.42289171218796945,activity,572469_YES.csv,572469_YES
1771272420,1771272420,2026-02-16 20:07:00,2026-02-16 20:07:00,1,1,1,14.40026936954981,4.0,142.52375,35.6309375,142.52375,True,1,0.000522739153162588,0.002,99859.45999999999,0.2216567163491571,2.5264716024243654,9.471704182236135,2.4020935848893092,2.5264716024243654,9.471704182236135,2.4020935848893092,liquidity,572469_YES.csv,572469_YES
1771044780,1771044780,2026-02-14 04:53:00,2026-02-14 04:53:00,1,1,1,14.317901199129244,1.0,5179.03422,5179.03422,5179.03422,True,1,0.0,0.002,271846.7,0.1186262698793106,12.972704687956798,1.6827758044730583,-0.33757929330061215,12.972704687956798,1.6827758044730583,-0.33757929330061215,activity,572469_YES.csv,572469_YES
1770932340,1770932340,2026-02-12 21:39:00,2026-02-12 21:39:00,1,1,1,14.312047366132841,1.0,9008.801,9008.801,9008.801,False,0,,,,,14.312047366132841,0.0,0.0,14.312047366132841,0.0,0.0,activity,572469_YES.csv,572469_YES
1771275180,1771275180,2026-02-16 20:53:00,2026-02-16 20:53:00,1,1,1,14.277566028999257,8.0,148.58021,18.57252625,148.58021,True,1,0.004250797024442088,0.004,4382.16,0.9390893988352775,-0.369584483103348,12.839305557952493,1.8078449541501103,-0.369584483103348,12.839305557952493,1.8078449541501103,liquidity,572469_YES.csv,572469_YES
1771335420,1771335480,2026-02-17 13:37:00,2026-02-17 13:38:00,2,2,2,14.193228124409558,1.0,6273.64837,6273.64837,6276.50566,True,2,0.0021141649048626032,0.002,41507.28,0.8678010218930269,11.569608441881766,11.82173496791967,3.6907290199272915,5.125186289222181,6.188110176151241,1.6816890707312169,mixed,572469_YES.csv,572469_YES
1770920880,1770920880,2026-02-12 18:28:00,2026-02-12 18:28:00,1,1,1,14.106876615149789,1.0,5082.259999999999,5082.259999999999,5082.259999999999,False,0,,,,,14.106876615149789,0.0,0.0,14.106876615149789,0.0,0.0,activity,572469_YES.csv,572469_YES
1771002360,1771002480,2026-02-13 17:06:00,2026-02-13 17:08:00,3,3,3,14.098428932817008,12.0,28395.226557,4239.4206856,70163.539365,False,0,,,,,14.098428932817008,0.0,0.0,13.035256279648422,0.0,0.0,activity,572469_YES.csv,572469_YES
1771009200,1771009200,2026-02-13 19:00:00,2026-02-13 19:00:00,1,1,1,14.006785555796494,1.0,46.21437,46.21437,46.21437,True,1,0.0005192107995846129,0.001,64836.479999999996,0.14612020887006819,-1.2269489392860127,7.616867247541253,7.616867247541253,-1.2269489392860127,7.616867247541253,7.616867247541253,mixed,572469_YES.csv,572469_YES
1771152900,1771152900,2026-02-15 10:55:00,2026-02-15 10:55:00,1,1,1,13.986354182064463,2.0,5339.218919,2669.6094595,5339.218919,True,1,0.0,0.001,178310.56,0.6622976227543674,13.419074618638046,0.7514209125086819,-0.18414134908226332,13.419074618638046,0.7514209125086819,-0.18414134908226332,activity,572469_YES.csv,572469_YES
1771367520,1771367520,2026-02-17 22:32:00,2026-02-17 22:32:00,1,1,1,13.970071358332007,2.0,6880.11293,3440.056465,6880.11293,True,1,0.0,0.002,50398.590000000004,0.32444816412522653,14.271488140421685,0.06236017944195793,-0.3637769615316371,14.271488140421685,0.06236017944195793,-0.3637769615316371,activity,572469_YES.csv,572469_YES
1771274340,1771274340,2026-02-16 20:39:00,2026-02-16 20:39:00,1,1,1,13.89311189327278,3.0,3425.1913000000004,1141.7304333333334,3425.1913000000004,True,1,0.0,0.001,86900.20000000001,0.13059095376075078,14.772667669115283,-0.6954144073793378,-0.18414136846316384,14.772667669115283,-0.6954144073793378,-0.18414136846316384,activity,572469_YES.csv,572469_YES
1771056180,1771056180,2026-02-14 08:03:00,2026-02-14 08:03:00,1,1,1,13.82971156354761,4.0,23.422598,5.8556495,23.422598,True,1,0.0010432968179447943,0.001,46333.05,0.44545675279309255,0.3753118489285765,9.855411356850245,3.598988357768788,0.3753118489285765,9.855411356850245,3.598988357768788,liquidity,572469_YES.csv,572469_YES
1771201260,1771201260,2026-02-16 00:21:00,2026-02-16 00:21:00,1,1,1,13.821293763358886,1.0,8586.666070000001,8586.666070000001,8586.666070000001,True,1,0.0,0.002,98092.06,0.561550241681131,14.216398024040636,-0.034693186802411125,-0.3604110738793398,14.216398024040636,-0.034693186802411125,-0.3604110738793398,activity,572469_YES.csv,572469_YES
1770913800,1770913800,2026-02-12 16:30:00,2026-02-12 16:30:00,1,1,1,13.80954619838957,1.0,12064.3639,12064.3639,12064.3639,False,0,,,,,13.80954619838957,0.0,0.0,13.80954619838957,0.0,0.0,activity,572469_YES.csv,572469_YES
1770984300,1770984300,2026-02-13 12:05:00,2026-02-13 12:05:00,1,1,1,13.788083876717131,4.0,3086.4979980000003,771.6244995000001,3086.4979980000003,False,0,,,,,13.788083876717131,0.0,0.0,13.788083876717131,0.0,0.0,activity,572469_YES.csv,572469_YES
1771134060,1771134060,2026-02-15 05:41:00,2026-02-15 05:41:00,1,1,1,13.708712263548312,6.0,4226.994686,704.4991143333333,4226.994686,True,1,0.0,0.002,127393.39,0.6081341425956245,12.648612658531535,1.4540309473788393,-0.3939313423620617,12.648612658531535,1.4540309473788393,-0.3939313423620617,activity,572469_YES.csv,572469_YES
1771465440,1771465440,2026-02-19 01:44:00,2026-02-19 01:44:00,1,1,1,13.681491111584084,1.0,4700.0,4700.0,4700.0,True,1,0.0010615711252653925,0.002,279882.3,0.5855640746127927,7.244575700186795,2.102299862158695,4.3346155492385945,7.244575700186795,2.102299862158695,4.3346155492385945,activity,572469_YES.csv,572469_YES
1771094760,1771094760,2026-02-14 18:46:00,2026-02-14 18:46:00,1,1,1,13.655143853928585,2.0,4553.3376,2276.6688,4553.3376,True,1,0.0,0.001,139593.73,0.03682851658165448,14.919891366199789,-0.999722853493766,-0.2650246587774364,14.919891366199789,-0.999722853493766,-0.2650246587774364,activity,572469_YES.csv,572469_YES
1771319520,1771319520,2026-02-17 09:12:00,2026-02-17 09:12:00,1,1,1,13.538304064536696,1.0,5014.764099999999,5014.764099999999,5014.764099999999,True,1,0.0,0.001,113242.03,0.313422057163758,14.081847433384851,-0.41444392397457497,-0.1290994448735806,14.081847433384851,-0.41444392397457497,-0.1290994448735806,activity,572469_YES.csv,572469_YES
1771154100,1771154100,2026-02-15 11:15:00,2026-02-15 11:15:00,1,1,1,13.528209692977388,4.0,4524.778316,1131.194579,4524.778316,True,1,0.0,0.002,175604.86,0.6278966311069067,8.142067257076185,5.67740569532853,-0.2912632594273285,8.142067257076185,5.67740569532853,-0.2912632594273285,activity,572469_YES.csv,572469_YES
1771025040,1771025040,2026-02-13 23:24:00,2026-02-13 23:24:00,1,1,1,13.376501296277329,3.0,111.07592,37.025306666666665,111.07592,True,1,0.0015673981191222097,0.001,176386.15000000002,0.37885247792981475,0.056141780371516764,8.968483473470412,4.351876042435399,0.056141780371516764,8.968483473470412,4.351876042435399,liquidity,572469_YES.csv,572469_YES
1771230660,1771230660,2026-02-16 08:31:00,2026-02-16 08:31:00,1,1,1,13.354375146413627,3.0,3188.767076,1062.9223586666667,3188.767076,True,1,0.0005232862375719183,0.002,119584.54,0.5229687717158087,9.171433145277721,1.9290676083314926,2.2538743928044136,9.171433145277721,1.9290676083314926,2.2538743928044136,activity,572469_YES.csv,572469_YES
1771382940,1771382940,2026-02-18 02:49:00,2026-02-18 02:49:00,1,1,1,13.292845682467483,1.0,749.999998,749.999998,749.999998,True,1,0.0,0.002,50657.14,0.7308813723001338,12.719158701563867,0.8834204811777073,-0.30973350027409063,12.719158701563867,0.8834204811777073,-0.30973350027409063,activity,572469_YES.csv,572469_YES
1771155120,1771155120,2026-02-15 11:32:00,2026-02-15 11:32:00,1,1,1,13.258471067704312,4.0,16656.47419,4164.1185475,16656.47419,True,1,0.0,0.001,221233.59999999998,0.6066441083090454,14.147950056984712,-0.5232224761779073,-0.3662565131024936,14.147950056984712,-0.5232224761779073,-0.3662565131024936,activity,572469_YES.csv,572469_YES
1771010820,1771010820,2026-02-13 19:27:00,2026-02-13 19:27:00,1,1,1,13.211932707052512,1.0,5.200200000000001,5.200200000000001,5.200200000000001,True,1,0.0020746887966804906,0.002,59053.96000000001,0.3998048564397713,-1.4561247371245853,7.487170306311615,7.180887137865483,-1.4561247371245853,7.487170306311615,7.180887137865483,mixed,572469_YES.csv,572469_YES
1770971160,1770971160,2026-02-13 08:26:00,2026-02-13 08:26:00,1,1,1,13.173686809825433,2.0,14099.45806,7049.72903,14099.45806,False,0,,,,,13.173686809825433,0.0,0.0,13.173686809825433,0.0,0.0,activity,572469_YES.csv,572469_YES
1771065960,1771065960,2026-02-14 10:46:00,2026-02-14 10:46:00,1,1,1,13.163550797878415,1.0,13607.51742,13607.51742,13607.51742,True,1,0.0,0.001,106123.85,0.20570804771971615,13.972258569470627,-0.4989594022282864,-0.3097483693639278,13.972258569470627,-0.4989594022282864,-0.3097483693639278,activity,572469_YES.csv,572469_YES
1771509000,1771509000,2026-02-19 13:50:00,2026-02-19 13:50:00,1,1,1,13.08316683471446,1.0,866.2155999999999,866.2155999999999,866.2155999999999,True,1,0.0015889830508475367,0.001,44804.31,0.8366291100119608,1.1486309870865483,8.95091535381222,2.9836204938156907,1.1486309870865483,8.95091535381222,2.9836204938156907,liquidity,572469_YES.csv,572469_YES
1770968880,1770968880,2026-02-13 07:48:00,2026-02-13 07:48:00,1,1,1,13.068937490341597,1.0,4999.999998,4999.999998,4999.999998,False,0,,,,,13.068937490341597,0.0,0.0,13.068937490341597,0.0,0.0,activity,572469_YES.csv,572469_YES
1770993480,1770993480,2026-02-13 14:38:00,2026-02-13 14:38:00,1,1,1,12.983218542602657,3.0,17313.953040000004,5771.317680000001,17313.953040000004,False,0,,,,,12.983218542602657,0.0,0.0,12.983218542602657,0.0,0.0,activity,572469_YES.csv,572469_YES
1771411620,1771411620,2026-02-18 10:47:00,2026-02-18 10:47:00,1,1,1,12.938475852134475,1.0,4715.0,4715.0,4715.0,True,1,0.0,0.002,51681.98,0.7173579650005669,13.218011250168637,0.037246127930052136,-0.3167815259642129,13.218011250168637,0.037246127930052136,-0.3167815259642129,activity,572469_YES.csv,572469_YES
1771593720,1771593720,2026-02-20 13:22:00,2026-02-20 13:22:00,1,1,1,12.929415103396071,2.0,446.945118,223.472559,446.945118,True,1,0.0,0.002,83189.32999999999,0.6942807448984143,11.403703965829983,1.8638545770932404,-0.33814343952715287,11.403703965829983,1.8638545770932404,-0.33814343952715287,activity,572469_YES.csv,572469_YES
1771013100,1771013100,2026-02-13 20:05:00,2026-02-13 20:05:00,1,1,1,12.838214039109152,2.0,2825.6096390000002,1412.8048195000001,2825.6096390000002,True,1,0.0,0.002,92470.29000000001,0.13581951565200018,13.781752488255828,-0.5631816622709566,-0.38035678687571856,13.781752488255828,-0.5631816622709566,-0.38035678687571856,activity,572469_YES.csv,572469_YES
1771144080,1771144080,2026-02-15 08:28:00,2026-02-15 08:28:00,1,1,1,12.760738400141094,1.0,4798.97292,4798.97292,4798.97292,True,1,0.0,0.001,108500.78,0.6147292213014506,12.233412425707392,0.6564254193072814,-0.12909944487358052,12.233412425707392,0.6564254193072814,-0.12909944487358052,activity,572469_YES.csv,572469_YES
1771195380,1771195380,2026-02-15 22:43:00,2026-02-15 22:43:00,1,1,1,12.66734648346801,4.0,157.81839,39.4545975,157.81839,True,1,0.0005238344683080598,0.002,111791.89,0.6550087846265056,2.8316941179367845,8.804827188182744,1.030825177348483,2.8316941179367845,8.804827188182744,1.030825177348483,liquidity,572469_YES.csv,572469_YES
1771254960,1771254960,2026-02-16 15:16:00,2026-02-16 15:16:00,1,1,1,12.615559442110555,2.0,41.968901,20.9844505,41.968901,True,1,0.0005232862375719183,0.002,130615.42000000001,0.4606552580085873,-0.6267910739032789,9.926004048590872,3.316346467422963,-0.6267910739032789,9.926004048590872,3.316346467422963,liquidity,572469_YES.csv,572469_YES
1771550700,1771550700,2026-02-20 01:25:00,2026-02-20 01:25:00,1,1,1,12.525715759125935,1.0,387.78314000000006,387.78314000000006,387.78314000000006,True,1,0.0,0.002,140983.31,0.8646327710705615,11.251122887167082,1.6886162230166268,-0.41402335105777277,11.251122887167082,1.6886162230166268,-0.41402335105777277,activity,572469_YES.csv,572469_YES
1771105200,1771105200,2026-02-14 21:40:00,2026-02-14 21:40:00,1,1,1,12.518495027968296,1.0,1988.22757,1988.22757,1988.22757,True,1,0.0,0.001,184239.72,0.13596514367260215,12.563204737610182,0.13943163949428933,-0.18414134913617455,12.563204737610182,0.13943163949428933,-0.18414134913617455,activity,572469_YES.csv,572469_YES
1771063560,1771063560,2026-02-14 10:06:00,2026-02-14 10:06:00,1,1,1,12.365846996722809,11.0,1070.66752,97.3334109090909,1070.66752,True,1,0.0010389610389610615,0.001,125243.53,0.027518786798807114,8.519709980791646,-1.5166071014126992,5.362744117343861,8.519709980791646,-1.5166071014126992,5.362744117343861,activity,572469_YES.csv,572469_YES
1771277820,1771277820,2026-02-16 21:37:00,2026-02-16 21:37:00,1,1,1,12.34694638365782,1.0,18852.75,18852.75,18852.75,True,1,0.0,0.001,30357.02,0.688740199136806,12.217538489237667,0.4173083754696726,-0.28790048104952015,12.217538489237667,0.4173083754696726,-0.28790048104952015,activity,572469_YES.csv,572469_YES
1771521420,1771521420,2026-02-19 17:17:00,2026-02-19 17:17:00,1,1,1,12.329455033278123,3.0,128.79329,42.93109666666667,128.79329,True,1,0.003171247357293905,0.002,51483.270000000004,0.45822866340852086,0.9824609359256656,4.57159249821489,6.775401599137567,0.9824609359256656,4.57159249821489,6.775401599137567,price_dislocation,572469_YES.csv,572469_YES
1771564500,1771564500,2026-02-20 05:15:00,2026-02-20 05:15:00,1,1,1,12.311306363444787,4.0,2034.9742860000001,508.74357150000003,2034.9742860000001,True,1,0.0,0.001,122437.57,0.9583013612570063,12.835811167453631,-0.2618852095560553,-0.2626195944527889,12.835811167453631,-0.2618852095560553,-0.2626195944527889,activity,572469_YES.csv,572469_YES
1771345260,1771345260,2026-02-17 16:21:00,2026-02-17 16:21:00,1,1,1,12.276585490680976,2.0,3768.724834,1884.362417,3768.724834,True,1,0.0,0.001,41561.229999999996,0.03975700430425188,14.235289948729015,-1.4975931784167185,-0.4611112796313218,14.235289948729015,-1.4975931784167185,-0.4611112796313218,activity,572469_YES.csv,572469_YES
1771038720,1771038720,2026-02-14 03:12:00,2026-02-14 03:12:00,1,1,1,12.1817312832403,8.0,1353.417004,169.1771255,1353.417004,True,1,0.0005224660397074032,0.001,264243.35,0.1381022833687206,9.94478994470841,1.0417033691500148,1.1952379693818742,9.94478994470841,1.0417033691500148,1.1952379693818742,activity,572469_YES.csv,572469_YES
1771588920,1771588920,2026-02-20 12:02:00,2026-02-20 12:02:00,1,1,1,12.157385543309129,3.0,151.481,50.49366666666666,151.481,True,1,0.0010615711252655036,0.002,54024.65,0.11692681026161206,3.188289663216012,6.928906509341055,2.0401893707520613,3.188289663216012,6.928906509341055,2.0401893707520613,liquidity,572469_YES.csv,572469_YES
1771272540,1771272540,2026-02-16 20:09:00,2026-02-16 20:09:00,1,1,1,12.111882263536437,9.0,254.90879999999999,28.3232,254.90879999999999,True,1,0.0,0.002,99859.45999999999,0.2216567163491571,6.365600302295452,5.964753836655642,-0.21847187541465787,6.365600302295452,5.964753836655642,-0.21847187541465787,mixed,572469_YES.csv,572469_YES
1771369380,1771369380,2026-02-17 23:03:00,2026-02-17 23:03:00,1,1,1,12.069735495130036,2.0,19379.944949999997,9689.972474999999,19379.944949999997,True,1,0.0,0.001,41719.22,0.403749159260408,13.809101269101117,-1.3491145612511977,-0.39025121271988233,13.809101269101117,-1.3491145612511977,-0.39025121271988233,activity,572469_YES.csv,572469_YES
1771211820,1771211820,2026-02-16 03:17:00,2026-02-16 03:17:00,1,1,1,12.067616398013575,5.0,4296.05347,859.210694,4296.05347,True,1,0.0,0.001,100121.43,0.2875127732394553,16.65144926876573,-4.183914474003229,-0.3999183967489265,16.65144926876573,-4.183914474003229,-0.3999183967489265,activity,572469_YES.csv,572469_YES
1770948120,1770948120,2026-02-13 02:02:00,2026-02-13 02:02:00,1,1,1,11.901291464968754,2.0,565.56402,282.78201,565.56402,False,0,,,,,11.901291464968754,0.0,0.0,11.901291464968754,0.0,0.0,activity,572469_YES.csv,572469_YES
1771184340,1771184340,2026-02-15 19:39:00,2026-02-15 19:39:00,1,1,1,11.686688375691036,2.0,798.5112300000001,399.25561500000003,798.5112300000001,True,1,0.0,0.002,213626.71000000002,0.2309155535841,11.56593683607382,0.451295377753565,-0.33054383813635063,11.56593683607382,0.451295377753565,-0.33054383813635063,activity,572469_YES.csv,572469_YES
1771074720,1771074720,2026-02-14 13:12:00,2026-02-14 13:12:00,1,1,1,11.652367145559055,1.0,4217.10219,4217.10219,4217.10219,True,1,0.0,0.001,187264.55,0.08197018602826857,12.983033382600876,-1.2015667921682425,-0.12909944487358058,12.983033382600876,-1.2015667921682425,-0.12909944487358058,activity,572469_YES.csv,572469_YES
1771144380,1771144380,2026-02-15 08:33:00,2026-02-15 08:33:00,1,1,1,11.603038348180236,1.0,50.6304,50.6304,50.6304,True,1,0.0005216484089722861,0.002,107125.25,0.6500326486986029,-1.0831565825207234,9.369857566220874,3.3163373644800855,-1.0831565825207234,9.369857566220874,3.3163373644800855,liquidity,572469_YES.csv,572469_YES
1771014300,1771014300,2026-02-13 20:25:00,2026-02-13 20:25:00,1,1,1,11.561039195907911,7.0,13515.432508,1930.7760725714286,13515.432508,True,1,0.0,0.001,219775.18,0.579142103307571,12.440820311539365,-0.4296661600334962,-0.4501149555979565,12.440820311539365,-0.4296661600334962,-0.4501149555979565,activity,572469_YES.csv,572469_YES
1771595340,1771595340,2026-02-20 13:49:00,2026-02-20 13:49:00,1,1,1,11.554862017240412,2.0,1545.809988,772.904994,1545.809988,True,1,0.0,0.002,81337.07,0.6984142654757541,10.696364634335591,1.1889924402054315,-0.33049505730061146,10.696364634335591,1.1889924402054315,-0.33049505730061146,activity,572469_YES.csv,572469_YES
1771304520,1771304520,2026-02-17 05:02:00,2026-02-17 05:02:00,1,1,1,11.491976319169712,1.0,46.40503,46.40503,46.40503,True,1,0.001058761249338236,0.001,63874.329999999994,0.6615344536686334,-1.2236321798432725,5.098741251471733,7.6168672475412516,-1.2236321798432725,5.098741251471733,7.6168672475412516,price_dislocation,572469_YES.csv,572469_YES
1770994320,1770994320,2026-02-13 14:52:00,2026-02-13 14:52:00,1,1,1,11.491461880277951,2.0,20424.49722,10212.24861,20424.49722,False,0,,,,,11.491461880277951,0.0,0.0,11.491461880277951,0.0,0.0,activity,572469_YES.csv,572469_YES
1770977340,1770977340,2026-02-13 10:09:00,2026-02-13 10:09:00,1,1,1,11.403544797780807,2.0,3962.3739779999996,1981.1869889999998,3962.3739779999996,False,0,,,,,11.403544797780807,0.0,0.0,11.403544797780807,0.0,0.0,activity,572469_YES.csv,572469_YES
1771024620,1771024620,2026-02-13 23:17:00,2026-02-13 23:17:00,1,1,1,11.27536979945285,1.0,9536.22428,9536.22428,9536.22428,True,1,0.0,0.001,202649.38,0.18408001050879108,13.789766562264745,-2.2231054493123064,-0.2912913134995874,13.789766562264745,-2.2231054493123064,-0.2912913134995874,activity,572469_YES.csv,572469_YES
1771389720,1771389720,2026-02-18 04:42:00,2026-02-18 04:42:00,1,1,1,11.223999850864242,3.0,2488.8224299999997,829.6074766666666,2488.8224299999997,True,1,0.0,0.001,58225.36,0.7116012679011345,11.90289300873503,-0.28806679537810365,-0.39082636249268415,11.90289300873503,-0.28806679537810365,-0.39082636249268415,activity,572469_YES.csv,572469_YES
1771505400,1771505400,2026-02-19 12:50:00,2026-02-19 12:50:00,1,1,1,11.21543719379242,2.0,35.03219,17.516095,35.03219,True,1,0.0021152829190904665,0.001,46683.479999999996,0.4893062813654852,-0.4305811734364814,6.048132929623318,5.5978854376055835,-0.4305811734364814,6.048132929623318,5.5978854376055835,mixed,572469_YES.csv,572469_YES
1771163340,1771163340,2026-02-15 13:49:00,2026-02-15 13:49:00,1,1,1,11.194026166106255,1.0,5274.490409999999,5274.490409999999,5274.490409999999,True,1,0.0,0.001,115998.25,0.15178220361083034,14.456696808447449,-3.024716739680926,-0.23795390266026806,14.456696808447449,-3.024716739680926,-0.23795390266026806,activity,572469_YES.csv,572469_YES
1771045560,1771045560,2026-02-14 05:06:00,2026-02-14 05:06:00,1,1,1,11.121712457851816,1.0,4.785,4.785,4.785,True,1,0.0010449320794148065,0.002,226400.07,0.17215723475703867,-1.4636933342957872,8.98156804960462,3.6038377425429817,-1.4636933342957872,8.98156804960462,3.6038377425429817,liquidity,572469_YES.csv,572469_YES
1771064640,1771064640,2026-02-14 10:24:00,2026-02-14 10:24:00,1,1,1,11.035162719674727,2.0,3342.584718,1671.292359,3342.584718,True,1,0.0,0.001,98095.68000000001,0.5669715526718404,10.235300934012336,1.0822659542562798,-0.2824041685938892,10.235300934012336,1.0822659542562798,-0.2824041685938892,activity,572469_YES.csv,572469_YES
1771277640,1771277640,2026-02-16 21:34:00,2026-02-16 21:34:00,1,1,1,10.985802640361216,20.0,21028.762880000002,1051.4381440000002,21028.762880000002,True,1,0.0,0.001,52474.259999999995,0.008580587892044566,12.866508768821106,-1.592805647410369,-0.28790048104952015,12.866508768821106,-1.592805647410369,-0.28790048104952015,activity,572469_YES.csv,572469_YES
1771160820,1771160820,2026-02-15 13:07:00,2026-02-15 13:07:00,1,1,1,10.97739821610017,2.0,104.55182,52.27591,104.55182,True,1,0.001045478306325176,0.001,140361.22,0.6838770708889536,-0.4991651035642706,6.9437825316678685,4.532780787996573,-0.4991651035642706,6.9437825316678685,4.532780787996573,liquidity,572469_YES.csv,572469_YES
1771166580,1771166580,2026-02-15 14:43:00,2026-02-15 14:43:00,1,1,1,10.936856831183718,1.0,598.73542,598.73542,598.73542,True,1,0.0015633142261595179,0.004,238372.77000000002,0.36690168092605546,0.37439060441079763,5.864510902014633,4.697955324758287,0.37439060441079763,5.864510902014633,4.697955324758287,liquidity,572469_YES.csv,572469_YES
1771153200,1771153200,2026-02-15 11:00:00,2026-02-15 11:00:00,1,1,1,10.922410527664027,2.0,75.3381,37.66905,75.3381,True,1,0.001044386422976551,0.001,128951.89,0.4066515814541377,-0.4783914737416405,7.07363292598796,4.327169075417709,-0.4783914737416405,7.07363292598796,4.327169075417709,liquidity,572469_YES.csv,572469_YES
1771055580,1771055580,2026-02-14 07:53:00,2026-02-14 07:53:00,1,1,1,10.903802243695178,4.0,17574.519899,4393.62997475,17574.519899,True,1,0.0,0.001,206927.28000000003,0.17826407421969684,13.975581732282134,-2.7412356282935915,-0.33054386029336336,13.975581732282134,-2.7412356282935915,-0.33054386029336336,activity,572469_YES.csv,572469_YES
1770961080,1770961080,2026-02-13 05:38:00,2026-02-13 05:38:00,1,1,1,10.889254509361082,1.0,1982.30119,1982.30119,1982.30119,False,0,,,,,10.889254509361082,0.0,0.0,10.889254509361082,0.0,0.0,activity,572469_YES.csv,572469_YES
1770984000,1770984000,2026-02-13 12:00:00,2026-02-13 12:00:00,1,1,1,10.768749220863146,4.0,1341.41584,335.35396,1341.41584,False,0,,,,,10.768749220863146,0.0,0.0,10.768749220863146,0.0,0.0,activity,572469_YES.csv,572469_YES
1771451520,1771451520,2026-02-18 21:52:00,2026-02-18 21:52:00,1,1,1,10.751790634995267,1.0,941.0,941.0,941.0,True,1,0.0,0.002,258156.77000000002,0.4922321037716733,10.989833638933316,0.15096638636223655,-0.38900939030028525,10.989833638933316,0.15096638636223655,-0.38900939030028525,activity,572469_YES.csv,572469_YES
1771468740,1771468740,2026-02-19 02:39:00,2026-02-19 02:39:00,1,1,1,10.680802761954636,3.0,8789.649690000002,2929.883230000001,8789.649690000002,True,1,0.0,0.002,275817.4,0.5812603555830778,9.320673738053333,1.6719988818423017,-0.311869857941,9.320673738053333,1.6719988818423017,-0.311869857941,activity,572469_YES.csv,572469_YES
1771460400,1771460400,2026-02-19 00:20:00,2026-02-19 00:20:00,1,1,1,10.657324980247182,3.0,294.25997,98.08665666666667,294.25997,True,1,0.0010626992561104665,0.002,249335.47,0.47588660369902447,2.2833282144940767,3.573309361880522,4.800687403872583,2.2833282144940767,3.573309361880522,4.800687403872583,price_dislocation,572469_YES.csv,572469_YES
1771516980,1771516980,2026-02-19 16:03:00,2026-02-19 16:03:00,1,1,1,10.654941356556279,3.0,14247.82241,4749.274136666667,14247.82241,True,1,0.0,0.001,80584.28,0.08291964636278942,12.829541251123725,-1.7100875707624152,-0.46451232380503094,12.829541251123725,-1.7100875707624152,-0.46451232380503094,activity,572469_YES.csv,572469_YES
1770927240,1770927240,2026-02-12 20:14:00,2026-02-12 20:14:00,1,1,1,10.646304468568006,74.0,3171.2729529999997,42.8550399054054,3171.2729529999997,False,0,,,,,10.646304468568006,0.0,0.0,10.646304468568006,0.0,0.0,activity,572469_YES.csv,572469_YES
1771125300,1771125300,2026-02-15 03:15:00,2026-02-15 03:15:00,1,1,1,10.587680578963905,3.0,126.27562,42.09187333333333,126.27562,True,1,0.0010422094841062712,0.001,124262.16,0.31568403446391075,0.4527078795995739,5.92501831261912,4.2099543867452125,0.4527078795995739,5.92501831261912,4.2099543867452125,liquidity,572469_YES.csv,572469_YES
1771567860,1771567860,2026-02-20 06:11:00,2026-02-20 06:11:00,1,1,1,10.580362267662368,3.0,825.257018,275.08567266666665,825.257018,True,1,0.002123142250530785,0.004,74563.0,0.006949022973861022,4.480594256844062,2.995839043216771,3.1039289676015343,4.480594256844062,2.995839043216771,3.1039289676015343,activity,572469_YES.csv,572469_YES
1771018440,1771018440,2026-02-13 21:34:00,2026-02-13 21:34:00,1,1,1,10.533264488841901,1.0,11456.03359,11456.03359,11456.03359,True,1,0.0,0.001,167531.69,0.4478587304885422,10.579162812378627,0.203636704563473,-0.24953502810019976,10.579162812378627,0.203636704563473,-0.24953502810019976,activity,572469_YES.csv,572469_YES
1771248360,1771248360,2026-02-16 13:26:00,2026-02-16 13:26:00,1,1,1,10.460313288196632,1.0,1914.0,1914.0,1914.0,True,1,0.0,0.001,136845.77000000002,0.26134932778704084,11.481225761694512,-0.738521379401053,-0.282391094096827,11.481225761694512,-0.738521379401053,-0.282391094096827,activity,572469_YES.csv,572469_YES
1771508460,1771508460,2026-02-19 13:41:00,2026-02-19 13:41:00,1,1,1,10.454799513948714,1.0,4715.0,4715.0,4715.0,True,1,0.0,0.002,74528.02,0.09401645179893414,12.567804898623013,-1.769676276124537,-0.34332910854976145,12.567804898623013,-1.769676276124537,-0.34332910854976145,activity,572469_YES.csv,572469_YES
1771289640,1771289640,2026-02-17 00:54:00,2026-02-17 00:54:00,1,1,1,10.44059337834657,2.0,1967.5813,983.79065,1967.5813,True,1,0.0,0.001,107550.01,0.5160056238023594,10.71932525501138,0.06390844786635141,-0.34264032453116305,10.71932525501138,0.06390844786635141,-0.34264032453116305,activity,572469_YES.csv,572469_YES
1771065300,1771065300,2026-02-14 10:35:00,2026-02-14 10:35:00,1,1,1,10.218514110538171,2.0,3302.3045,1651.15225,3302.3045,True,1,0.0,0.001,98095.68000000001,0.5669715526718404,9.49987475118391,1.0010435279481509,-0.2824041685938892,9.49987475118391,1.0010435279481509,-0.2824041685938892,activity,572469_YES.csv,572469_YES
1771456080,1771456080,2026-02-18 23:08:00,2026-02-18 23:08:00,1,1,1,10.17762771652118,2.0,697.38144,348.69072,697.38144,True,1,0.0005307855626328628,0.001,107683.82,0.22654452637360004,5.064371030615425,2.138654802598884,2.9746018833068697,5.064371030615425,2.138654802598884,2.9746018833068697,activity,572469_YES.csv,572469_YES
1771254600,1771254600,2026-02-16 15:10:00,2026-02-16 15:10:00,1,1,1,10.175780482010122,2.0,248.96923800000002,124.48461900000001,248.96923800000002,True,1,0.001045478306325176,0.001,131382.41,0.45060590683334245,0.5671284856760851,1.991784748792783,7.616867247541253,0.5671284856760851,1.991784748792783,7.616867247541253,price_dislocation,572469_YES.csv,572469_YES
1771105500,1771105500,2026-02-14 21:45:00,2026-02-14 21:45:00,1,1,1,10.161986819564806,1.0,53.98211,53.98211,53.98211,True,1,0.0010432968179447943,0.001,167909.38,0.11092423782399768,-1.3706462377267625,7.205468929153404,4.327164128138165,-1.3706462377267625,7.205468929153404,4.327164128138165,liquidity,572469_YES.csv,572469_YES
1771325220,1771325220,2026-02-17 10:47:00,2026-02-17 10:47:00,1,1,1,35.777735318135356,3.0,20015.11224,6671.7040799999995,20015.11224,True,1,0.05797101449275344,0.001,657538.41,0.2779301516393545,18.794165799857367,11.534879965057026,5.448689553220963,18.794165799857367,11.534879965057026,5.448689553220963,activity,572473_YES.csv,572473_YES
1771475160,1771475160,2026-02-19 04:26:00,2026-02-19 04:26:00,1,1,1,24.005249033849022,3.0,2546.806179,848.9353930000001,2546.806179,True,1,0.028169014084506894,0.003,856947.46,0.22837080350293584,13.59977267217824,6.759821913404298,3.6456544482664843,13.59977267217824,6.759821913404298,3.6456544482664843,activity,572473_YES.csv,572473_YES
1771607760,1771607880,2026-02-20 17:16:00,2026-02-20 17:18:00,3,3,3,23.630109519804925,1.0,7038.993160000001,7038.993160000001,10473.566239000002,True,3,0.012345679012345734,0.002,831347.3500000001,0.7266400380057746,14.156582691922203,17.189231205222885,7.616867247541252,6.184862587888062,8.894353309428181,2.495922600889224,liquidity,572473_YES.csv,572473_YES
1771403880,1771403880,2026-02-18 08:38:00,2026-02-18 08:38:00,1,1,1,22.8405676251371,3.0,1556.3150199999998,518.7716733333333,1556.3150199999998,True,1,0.04166666666666674,0.001,517196.66000000003,0.2784056262080269,14.311033786050624,4.786327791171013,3.743206047915464,14.311033786050624,4.786327791171013,3.743206047915464,activity,572473_YES.csv,572473_YES
1771117140,1771117140,2026-02-15 00:59:00,2026-02-15 00:59:00,1,1,1,18.807855067339318,5.0,6255.05563,1251.0111259999999,6255.05563,True,1,0.0,0.001,1282846.22,0.46642834555805146,20.234680685602395,-0.9718268054280945,-0.45499881283498433,20.234680685602395,-0.9718268054280945,-0.45499881283498433,activity,572473_YES.csv,572473_YES
1771274820,1771274820,2026-02-16 20:47:00,2026-02-16 20:47:00,1,1,1,18.59108382817343,6.0,11820.202718,1970.0337863333334,11820.202718,True,1,0.0,0.001,377420.22,0.4646224306689239,18.69796807520267,0.14450138669380497,-0.25138563372304196,18.69796807520267,0.14450138669380497,-0.25138563372304196,activity,572473_YES.csv,572473_YES
1771416480,1771416480,2026-02-18 12:08:00,2026-02-18 12:08:00,1,1,1,18.145496567596048,3.0,644.4799979999999,214.82666599999996,644.4799979999999,True,1,0.0273972602739726,0.001,706939.91,0.2879252495449012,10.477434780627433,2.253821387633956,5.414240399334661,10.477434780627433,2.253821387633956,5.414240399334661,activity,572473_YES.csv,572473_YES
1771421700,1771421700,2026-02-18 13:35:00,2026-02-18 13:35:00,1,1,1,18.027484430194548,3.0,149.999997,49.999999,149.999997,True,1,0.02898550724637683,0.001,598356.93,0.556060427009678,1.6242350126365364,12.526071304140023,3.8771781134179903,1.6242350126365364,12.526071304140023,3.8771781134179903,liquidity,572473_YES.csv,572473_YES
1771213920,1771213920,2026-02-16 03:52:00,2026-02-16 03:52:00,1,1,1,16.616946709462386,1.0,1599.9999999999998,1599.9999999999998,1599.9999999999998,True,1,0.048387096774193616,0.001,283462.26,0.14319980374106947,8.91923814809337,4.112476841645465,3.58523171972355,8.91923814809337,4.112476841645465,3.58523171972355,activity,572473_YES.csv,572473_YES
1771341420,1771341420,2026-02-17 15:17:00,2026-02-17 15:17:00,1,1,1,16.34036058769111,1.0,12.469999,12.469999,12.469999,True,1,0.0547945205479452,0.001,465509.1,0.7277008333456854,-0.8483736105209831,10.661059896015042,6.527674302197049,-0.8483736105209831,10.661059896015042,6.527674302197049,liquidity,572473_YES.csv,572473_YES
1771266300,1771266300,2026-02-16 18:25:00,2026-02-16 18:25:00,1,1,1,15.435009387391167,1.0,1110.43,1110.43,1110.43,True,1,0.01724137931034475,0.003,489366.73,0.598794548211318,7.820110740045653,5.8556369796203365,1.7592616677251791,7.820110740045653,5.8556369796203365,1.7592616677251791,activity,572473_YES.csv,572473_YES
1771018380,1771018380,2026-02-13 21:33:00,2026-02-13 21:33:00,1,1,1,14.973266020575437,3.0,642.329998,214.10999933333335,642.329998,True,1,0.0185185185185186,0.001,636812.96,0.837192697837054,8.65265551215953,4.44286550810162,1.8777450003142875,8.65265551215953,4.44286550810162,1.8777450003142875,activity,572473_YES.csv,572473_YES
1771185060,1771185060,2026-02-15 19:51:00,2026-02-15 19:51:00,1,1,1,14.700741759847435,2.0,1940.329999,970.1649995,1940.329999,True,1,0.0,0.001,654750.72,0.5523586136720858,15.103623493601948,-0.029019326982286042,-0.3738624067722253,15.103623493601948,-0.029019326982286042,-0.3738624067722253,activity,572473_YES.csv,572473_YES
1771016580,1771016580,2026-02-13 21:03:00,2026-02-13 21:03:00,1,1,1,14.694923950162593,1.0,361.849999,361.849999,361.849999,True,1,0.019230769230769162,0.001,461851.64,0.7834736713287409,5.706837618664322,6.818184484072107,2.169901847426165,5.706837618664322,6.818184484072107,2.169901847426165,liquidity,572473_YES.csv,572473_YES
1771596420,1771596420,2026-02-20 14:07:00,2026-02-20 14:07:00,1,1,1,14.384277348554598,2.0,10293.39633,5146.698165,10293.39633,True,1,0.0,0.001,858658.34,0.45702242873457677,15.175808671207541,-0.40118782432380795,-0.39034349832913534,15.175808671207541,-0.40118782432380795,-0.39034349832913534,activity,572473_YES.csv,572473_YES
1771523820,1771523820,2026-02-19 17:57:00,2026-02-19 17:57:00,1,1,1,14.335786501065478,1.0,1792.25165,1792.25165,1792.25165,True,1,0.0,0.001,1190908.48,0.29251280501420224,13.124351378791062,1.4389095133252434,-0.22747439105082617,13.124351378791062,1.4389095133252434,-0.22747439105082617,activity,572473_YES.csv,572473_YES
1771341660,1771341660,2026-02-17 15:21:00,2026-02-17 15:21:00,1,1,1,14.327974422976178,2.0,2454.469998,1227.234999,2454.469998,True,1,0.0,0.001,464978.93999999994,0.7279122792098929,11.708395404121331,2.8427261020200993,-0.22314708316525306,11.708395404121331,2.8427261020200993,-0.22314708316525306,activity,572473_YES.csv,572473_YES
1771418040,1771418040,2026-02-18 12:34:00,2026-02-18 12:34:00,1,1,1,14.300126801452446,2.0,1057.72485,528.862425,1057.72485,True,1,0.0,0.001,814008.5800000001,0.24021990038483376,13.362435580086803,1.121815205534194,-0.18412398416855028,13.362435580086803,1.121815205534194,-0.18412398416855028,activity,572473_YES.csv,572473_YES
1771535640,1771535640,2026-02-19 21:14:00,2026-02-19 21:14:00,1,1,1,13.957745866459748,1.0,839.999999,839.999999,839.999999,True,1,0.01449275362318847,0.002,1211371.81,0.16113943579387077,5.264658586895921,7.590598893210208,1.102488386353619,5.264658586895921,7.590598893210208,1.102488386353619,liquidity,572473_YES.csv,572473_YES
1771081260,1771081260,2026-02-14 15:01:00,2026-02-14 15:01:00,1,1,1,13.953082543266495,1.0,1998.949999,1998.949999,1998.949999,True,1,0.0,0.001,517816.85,0.540523101942318,13.542315426455716,0.8916484105406464,-0.48088129372986727,13.542315426455716,0.8916484105406464,-0.48088129372986727,activity,572473_YES.csv,572473_YES
1771213800,1771213800,2026-02-16 03:50:00,2026-02-16 03:50:00,1,1,1,13.861158404153773,1.0,1722.96482,1722.96482,1722.96482,True,1,0.0,0.002,707352.93,0.49248850923682475,12.399225736105045,1.8224462183254728,-0.3605135502767442,12.399225736105045,1.8224462183254728,-0.3605135502767442,activity,572473_YES.csv,572473_YES
1771451520,1771451520,2026-02-18 21:52:00,2026-02-18 21:52:00,1,1,1,13.852763092866937,1.0,1494.189999,1494.189999,1494.189999,True,1,0.0,0.002,647346.34,0.36023690193413316,12.478250704613181,1.7448219885091383,-0.37030960025538245,12.478250704613181,1.7448219885091383,-0.37030960025538245,activity,572473_YES.csv,572473_YES
1771288080,1771288080,2026-02-17 00:28:00,2026-02-17 00:28:00,1,1,1,13.8525153365294,1.0,996.049999,996.049999,996.049999,True,1,0.030303030303030276,0.002,911220.51,0.10337193792971144,9.85173689144924,2.129452318452843,1.8713261266273158,9.85173689144924,2.129452318452843,1.8713261266273158,activity,572473_YES.csv,572473_YES
1771056720,1771056720,2026-02-14 08:12:00,2026-02-14 08:12:00,1,1,1,13.657546742800456,1.0,665.999999,665.999999,665.999999,True,1,0.01754385964912286,0.002,553573.23,0.632680612102576,6.765927107171947,5.547972951316924,1.3436466843115855,6.765927107171947,5.547972951316924,1.3436466843115855,activity,572473_YES.csv,572473_YES
1771003320,1771003320,2026-02-13 17:22:00,2026-02-13 17:22:00,1,1,1,13.555810488775498,12.0,5855.488955999999,487.9574129999999,5855.488955999999,False,0,,,,,13.555810488775498,0.0,0.0,13.555810488775498,0.0,0.0,activity,572473_YES.csv,572473_YES
1771341060,1771341060,2026-02-17 15:11:00,2026-02-17 15:11:00,1,1,1,13.416601124422705,4.0,1419.1948389999998,354.79870974999994,1419.1948389999998,True,1,0.013513513513513487,0.001,643974.62,0.13061356362149792,11.897118673187123,-0.7312185269282104,2.2507009781637928,11.897118673187123,-0.7312185269282104,2.2507009781637928,activity,572473_YES.csv,572473_YES
1771567980,1771567980,2026-02-20 06:13:00,2026-02-20 06:13:00,1,1,1,13.095323686879292,3.0,4614.39316,1538.1310533333333,4614.39316,True,1,0.0,0.001,930269.31,0.10135175801940621,15.570074996851975,-2.13615212889074,-0.3385991810819451,15.570074996851975,-2.13615212889074,-0.3385991810819451,activity,572473_YES.csv,572473_YES
1771193160,1771193160,2026-02-15 22:06:00,2026-02-15 22:06:00,1,1,1,12.998054097214599,12.0,6425.112979000001,535.4260815833335,6425.112979000001,True,1,0.0,0.001,646262.44,0.6654642036755223,13.652762427370249,-0.3119250839113052,-0.3427832462443454,13.652762427370249,-0.3119250839113052,-0.3427832462443454,activity,572473_YES.csv,572473_YES
1770989700,1770989700,2026-02-13 13:35:00,2026-02-13 13:35:00,1,1,1,12.809434639058304,1.0,5322.232660000001,5322.232660000001,5322.232660000001,False,0,,,,,12.809434639058304,0.0,0.0,12.809434639058304,0.0,0.0,activity,572473_YES.csv,572473_YES
1771371120,1771371120,2026-02-17 23:32:00,2026-02-17 23:32:00,1,1,1,12.586049554079711,1.0,154.97004,154.97004,154.97004,True,1,0.028169014084507005,0.001,592692.5800000001,0.19700847275665237,4.798996245721588,4.84802372947839,2.939029578879734,4.798996245721588,4.84802372947839,2.939029578879734,mixed,572473_YES.csv,572473_YES
1770974580,1770974580,2026-02-13 09:23:00,2026-02-13 09:23:00,1,1,1,12.52252902415757,1.0,1541.66825,1541.66825,1541.66825,False,0,,,,,12.52252902415757,0.0,0.0,12.52252902415757,0.0,0.0,activity,572473_YES.csv,572473_YES
1771191600,1771191600,2026-02-15 21:40:00,2026-02-15 21:40:00,1,1,1,12.343873010288203,10.0,2209.5841800000003,220.95841800000002,2209.5841800000003,True,1,0.0,0.001,754361.21,0.6496321172187526,13.218580354429553,-0.5094417154197335,-0.3652656287216183,13.218580354429553,-0.5094417154197335,-0.3652656287216183,activity,572473_YES.csv,572473_YES
1771339800,1771339800,2026-02-17 14:50:00,2026-02-17 14:50:00,1,1,1,12.14541272361041,1.0,383.16978,383.16978,383.16978,True,1,0.013698630136986356,0.002,646264.54,0.1329253806807968,2.7249364568459926,6.986072096362603,2.4344041704018133,2.7249364568459926,6.986072096362603,2.4344041704018133,liquidity,572473_YES.csv,572473_YES
1771422540,1771422600,2026-02-18 13:49:00,2026-02-18 13:50:00,2,2,2,12.122805911374275,4.0,1370.628279,342.65706975,1376.565028,True,2,0.07462686567164156,0.002,591445.51,0.5751118983048835,9.374933122825185,5.773488750799844,6.108943026761936,4.807653628318841,3.7805091527606334,2.922027702837245,activity,572473_YES.csv,572473_YES
1771325760,1771325760,2026-02-17 10:56:00,2026-02-17 10:56:00,1,1,1,11.977854319251547,1.0,3.7,3.7,3.7,True,1,0.027397260273972712,0.001,405525.6,0.5883162493317315,-0.7139483045562067,10.423473934535139,2.2683286892726144,-0.7139483045562067,10.423473934535139,2.2683286892726144,liquidity,572473_YES.csv,572473_YES
1770985680,1770985680,2026-02-13 12:28:00,2026-02-13 12:28:00,1,1,1,11.95005431219105,2.0,2969.86358,1484.93179,2969.86358,False,0,,,,,11.95005431219105,0.0,0.0,11.95005431219105,0.0,0.0,activity,572473_YES.csv,572473_YES
1771262040,1771262040,2026-02-16 17:14:00,2026-02-16 17:14:00,1,1,1,11.883893529159902,1.0,1481.879999,1481.879999,1481.879999,True,1,0.0,0.001,367161.77,0.3135739050391875,14.229736371103842,-2.0599275656288087,-0.28591527631513003,14.229736371103842,-2.0599275656288087,-0.28591527631513003,activity,572473_YES.csv,572473_YES
1770963240,1770963240,2026-02-13 06:14:00,2026-02-13 06:14:00,1,1,1,11.874624090582781,2.0,1819.498199,909.7490995,1819.498199,False,0,,,,,11.874624090582781,0.0,0.0,11.874624090582781,0.0,0.0,activity,572473_YES.csv,572473_YES
1771419720,1771419720,2026-02-18 13:02:00,2026-02-18 13:02:00,1,1,1,11.769132946570922,1.0,3.1500000000000004,3.1500000000000004,3.1500000000000004,True,1,0.028169014084506894,0.001,786374.0800000001,0.2187689350086412,-1.001067108204293,8.323124678249052,4.447075376526163,-1.001067108204293,8.323124678249052,4.447075376526163,liquidity,572473_YES.csv,572473_YES
1771479120,1771479120,2026-02-19 05:32:00,2026-02-19 05:32:00,1,1,1,11.549767148989005,1.0,3.4000000000000004,3.4000000000000004,3.4000000000000004,True,1,0.06944444444444431,0.001,647836.55,0.20559443581872616,-1.057848013782797,7.0642467354289815,5.54336842734282,-1.057848013782797,7.0642467354289815,5.54336842734282,liquidity,572473_YES.csv,572473_YES
1771373940,1771373940,2026-02-18 00:19:00,2026-02-18 00:19:00,1,1,1,11.291412559497617,1.0,890.1319000000001,890.1319000000001,890.1319000000001,True,1,0.0,0.001,801532.74,0.21425555243070915,12.926326022623616,-1.2155991630909488,-0.4193143000350488,12.926326022623616,-1.2155991630909488,-0.4193143000350488,activity,572473_YES.csv,572473_YES
1771526640,1771526640,2026-02-19 18:44:00,2026-02-19 18:44:00,1,1,1,11.136368102043518,1.0,0.999999,0.999999,0.999999,True,1,0.0563380281690139,0.001,833646.06,0.17533431394133853,-1.0610046718418789,6.508838472888317,5.6885343009970795,-1.0610046718418789,6.508838472888317,5.6885343009970795,mixed,572473_YES.csv,572473_YES
1771156500,1771156500,2026-02-15 11:55:00,2026-02-15 11:55:00,1,1,1,11.115908207036973,6.0,1004.114009,167.35233483333334,1004.114009,True,1,0.0,0.001,738720.6799999999,0.6813907795298217,12.24378777871824,-0.8191036035823485,-0.3087759680989167,12.24378777871824,-0.8191036035823485,-0.3087759680989167,activity,572473_YES.csv,572473_YES
1771352940,1771352940,2026-02-17 18:29:00,2026-02-17 18:29:00,1,1,1,11.059268876564632,1.0,247.799999,247.799999,247.799999,True,1,0.01449275362318847,0.002,864304.95,0.37048906175997254,8.063568208799818,1.883717459270531,1.1119832084942818,8.063568208799818,1.883717459270531,1.1119832084942818,activity,572473_YES.csv,572473_YES
1771353660,1771353660,2026-02-17 18:41:00,2026-02-17 18:41:00,1,1,1,11.021801725634669,3.0,205.33411900000002,68.44470633333334,205.33411900000002,True,1,0.028169014084507005,0.001,613915.33,0.039859323923382074,6.204990573724727,2.5286057452490325,2.2882054066609094,6.204990573724727,2.5286057452490325,2.2882054066609094,activity,572473_YES.csv,572473_YES
1771428000,1771428000,2026-02-18 15:20:00,2026-02-18 15:20:00,1,1,1,10.957507845212472,1.0,819.5184199999999,819.5184199999999,819.5184199999999,True,1,0.027027027027027084,0.002,948231.6399999999,0.04610919753742874,7.016713673866192,2.309067765272749,1.6317264060735313,7.016713673866192,2.309067765272749,1.6317264060735313,activity,572473_YES.csv,572473_YES
1770935820,1770935820,2026-02-12 22:37:00,2026-02-12 22:37:00,1,1,1,10.895188765306326,2.0,1266.3505189999998,633.1752594999999,1266.3505189999998,False,0,,,,,10.895188765306326,0.0,0.0,10.895188765306326,0.0,0.0,activity,572473_YES.csv,572473_YES
1771420260,1771420260,2026-02-18 13:11:00,2026-02-18 13:11:00,1,1,1,10.839540894771424,1.0,499.999999,499.999999,499.999999,True,1,0.0,0.001,774437.9099999999,0.23740582379289776,7.05339956846394,4.0135772921686,-0.22743596586111467,7.05339956846394,4.0135772921686,-0.22743596586111467,activity,572473_YES.csv,572473_YES
1771057860,1771057860,2026-02-14 08:31:00,2026-02-14 08:31:00,1,1,1,10.771961809470499,1.0,851.85,851.85,851.85,True,1,0.0,0.002,553469.9299999999,0.632594710249209,7.459955461954408,3.6351933078200656,-0.32318696030397476,7.459955461954408,3.6351933078200656,-0.32318696030397476,activity,572473_YES.csv,572473_YES
1771067160,1771067160,2026-02-14 11:06:00,2026-02-14 11:06:00,1,1,1,10.520221701473876,1.0,103.999999,103.999999,103.999999,True,1,0.07017543859649134,0.001,336421.97,0.565571475608445,0.24953360662484853,5.522517061629253,4.748171033219773,0.24953360662484853,5.522517061629253,4.748171033219773,liquidity,572473_YES.csv,572473_YES
