bucket,datetime,trade_count,size_sum,amount_sum,vwap,avg_trade_size,max_trade_size,midpoint,midpoint_return,abs_midpoint_return,spread,spread_pct,bid_depth_top5,ask_depth_top5,total_depth,depth_change,depth_imbalance,depth_drop,abs_depth_imbalance,market_file,market_stem
1770790800,2026-02-11 06:20:00,1,250.0,50.0,0.1999999999992,50.0,,,0.0,0.0,,0.0,,,,0.0,,-0.0,,1345822_YES.csv,1345822_YES
1770791220,2026-02-11 06:27:00,1,27.0,5.67,0.2099999999922222,5.67,,,0.0,0.0,,0.0,,,,0.0,,-0.0,,1345822_YES.csv,1345822_YES
1770792480,2026-02-11 06:48:00,3,30.0,5.699999999999999,0.18999999999366665,1.8999999999999997,,,0.0,0.0,,0.0,,,,0.0,,-0.0,,1345822_YES.csv,1345822_YES
1770792540,2026-02-11 06:49:00,1,10.0,1.9,0.18999999998099998,1.9,,,0.0,0.0,,0.0,,,,0.0,,-0.0,,1345822_YES.csv,1345822_YES
1770792600,2026-02-11 06:50:00,5,89.95,17.0905,0.1899999999978877,3.4181,,,0.0,0.0,,0.0,,,,0.0,,-0.0,,1345822_YES.csv,1345822_YES
1770792780,2026-02-11 06:53:00,5,601.0,108.17999999999999,0.17999999999970048,21.636,,,0.0,0.0,,0.0,,,,0.0,,-0.0,,1345822_YES.csv,1345822_YES
1770792840,2026-02-11 06:54:00,4,451.0,81.18,0.17999999999960087,20.295,,,0.0,0.0,,0.0,,,,0.0,,-0.0,,1345822_YES.csv,1345822_YES
1770792960,2026-02-11 06:56:00,2,42.0,7.56,0.17999999999571428,3.78,,,0.0,0.0,,0.0,,,,0.0,,-0.0,,1345822_YES.csv,1345822_YES
1770793020,2026-02-11 06:57:00,2,42.0,7.56,0.17999999999571428,3.78,,,0.0,0.0,,0.0,,,,0.0,,-0.0,,1345822_YES.csv,1345822_YES
1770793320,2026-02-11 07:02:00,2,40.0,7.2,0.1799999999955,3.6,,,0.0,0.0,,0.0,,,,0.0,,-0.0,,1345822_YES.csv,1345822_YES
1770793440,2026-02-11 07:04:00,1,8.0,1.44,0.1799999999775,1.44,,,0.0,0.0,,0.0,,,,0.0,,-0.0,,1345822_YES.csv,1345822_YES
1770793980,2026-02-11 07:13:00,1,8.97,1.6146,0.1799999999799331,1.6146,,,0.0,0.0,,0.0,,,,0.0,,-0.0,,1345822_YES.csv,1345822_YES
1770794040,2026-02-11 07:14:00,1,410.0,77.9,0.1899999999995366,77.9,,,0.0,0.0,,0.0,,,,0.0,,-0.0,,1345822_YES.csv,1345822_YES
1770794220,2026-02-11 07:17:00,1,5.0,0.8999999999999999,0.17999999996399998,0.8999999999999999,,,0.0,0.0,,0.0,,,,0.0,,-0.0,,1345822_YES.csv,1345822_YES
1770794460,2026-02-11 07:21:00,1,104.36,20.872,0.19999999999808354,20.872,,,0.0,0.0,,0.0,,,,0.0,,-0.0,,1345822_YES.csv,1345822_YES
1770794520,2026-02-11 07:22:00,1,45.7,9.14,0.19999999999562365,9.14,,,0.0,0.0,,0.0,,,,0.0,,-0.0,,1345822_YES.csv,1345822_YES
1770795720,2026-02-11 07:42:00,1,120.14,21.6252,0.17999999999850175,21.6252,,,0.0,0.0,,0.0,,,,0.0,,-0.0,,1345822_YES.csv,1345822_YES
1770797280,2026-02-11 08:08:00,1,84.0,15.12,0.17999999999785712,15.12,,,0.0,0.0,,0.0,,,,0.0,,-0.0,,1345822_YES.csv,1345822_YES
1770800700,2026-02-11 09:05:00,2,9.99,1.998,0.19999999997998,0.999,,,0.0,0.0,,0.0,,,,0.0,,-0.0,,1345822_YES.csv,1345822_YES
1770802680,2026-02-11 09:38:00,1,52.631577,9.999999,0.1899999880263895,9.999999,,,0.0,0.0,,0.0,,,,0.0,,-0.0,,1345822_YES.csv,1345822_YES
1770807600,2026-02-11 11:00:00,4,99.1875,15.87,0.15999999999838688,3.9675,,,0.0,0.0,,0.0,,,,0.0,,-0.0,,1345822_YES.csv,1345822_YES
1770807660,2026-02-11 11:01:00,2,185.0,29.6,0.15999999999913514,14.8,,,0.0,0.0,,0.0,,,,0.0,,-0.0,,1345822_YES.csv,1345822_YES
1770808740,2026-02-11 11:19:00,1,100.0,17.0,0.16999999999829998,17.0,,,0.0,0.0,,0.0,,,,0.0,,-0.0,,1345822_YES.csv,1345822_YES
1770809820,2026-02-11 11:37:00,1,79.5,15.9,0.19999999999748427,15.9,,,0.0,0.0,,0.0,,,,0.0,,-0.0,,1345822_YES.csv,1345822_YES
1770812100,2026-02-11 12:15:00,1,5.0,0.95,0.18999999996199998,0.95,,,0.0,0.0,,0.0,,,,0.0,,-0.0,,1345822_YES.csv,1345822_YES
1770812460,2026-02-11 12:21:00,1,79.0,15.8,0.19999999999746834,15.8,,,0.0,0.0,,0.0,,,,0.0,,-0.0,,1345822_YES.csv,1345822_YES
1770812520,2026-02-11 12:22:00,1,14.4,2.736,0.18999999998680556,2.736,,,0.0,0.0,,0.0,,,,0.0,,-0.0,,1345822_YES.csv,1345822_YES
1770812580,2026-02-11 12:23:00,1,0.5,0.095,0.18999999962000003,0.095,,,0.0,0.0,,0.0,,,,0.0,,-0.0,,1345822_YES.csv,1345822_YES
1770813180,2026-02-11 12:33:00,1,16.18,2.9124,0.17999999998887514,2.9124,,,0.0,0.0,,0.0,,,,0.0,,-0.0,,1345822_YES.csv,1345822_YES
1770817500,2026-02-11 13:45:00,1,136.363635,29.999998999999995,0.21999999486505328,29.999998999999995,,,0.0,0.0,,0.0,,,,0.0,,-0.0,,1345822_YES.csv,1345822_YES
1770818820,2026-02-11 14:07:00,1,3.846152,0.999999,0.2599998647323351,0.999999,,,0.0,0.0,,0.0,,,,0.0,,-0.0,,1345822_YES.csv,1345822_YES
1770819000,2026-02-11 14:10:00,3,25.0,7.9,0.31599999998736,2.6333333333333333,,,0.0,0.0,,0.0,,,,0.0,,-0.0,,1345822_YES.csv,1345822_YES
1770819180,2026-02-11 14:13:00,3,43.0,13.129999999999999,0.3053488372022012,4.376666666666666,,,0.0,0.0,,0.0,,,,0.0,,-0.0,,1345822_YES.csv,1345822_YES
1770819300,2026-02-11 14:15:00,3,452.34,140.2254,0.30999999999931466,46.741800000000005,,,0.0,0.0,,0.0,,,,0.0,,-0.0,,1345822_YES.csv,1345822_YES
1770821040,2026-02-11 14:44:00,2,31.0,5.58,0.17999999999419355,2.79,,,0.0,0.0,,0.0,,,,0.0,,-0.0,,1345822_YES.csv,1345822_YES
1770821340,2026-02-11 14:49:00,1,111.11111,19.999999,0.1799999927983799,19.999999,,,0.0,0.0,,0.0,,,,0.0,,-0.0,,1345822_YES.csv,1345822_YES
1770821940,2026-02-11 14:59:00,1,247.47,32.740199999999994,0.13229967268706377,32.740199999999994,,,0.0,0.0,,0.0,,,,0.0,,-0.0,,1345822_YES.csv,1345822_YES
1770822900,2026-02-11 15:15:00,1,71.42857,9.999999,0.13999998879803968,9.999999,,,0.0,0.0,,0.0,,,,0.0,,-0.0,,1345822_YES.csv,1345822_YES
1770822960,2026-02-11 15:16:00,1,2178.714284,299.999999,0.1376958884434717,299.999999,,,0.0,0.0,,0.0,,,,0.0,,-0.0,,1345822_YES.csv,1345822_YES
1770823620,2026-02-11 15:27:00,1,1467.714284,199.999999,0.13626630276759216,199.999999,,,0.0,0.0,,0.0,,,,0.0,,-0.0,,1345822_YES.csv,1345822_YES
1770824040,2026-02-11 15:34:00,1,4727.27,568.7424000000001,0.12031096171783703,568.7424000000001,,,0.0,0.0,,0.0,,,,0.0,,-0.0,,1345822_YES.csv,1345822_YES
1770824340,2026-02-11 15:39:00,1,3374.733332,500.659999,0.14835542537612614,500.659999,,,0.0,0.0,,0.0,,,,0.0,,-0.0,,1345822_YES.csv,1345822_YES
1770825360,2026-02-11 15:56:00,2,30.0,3.9,0.12999999999566667,1.95,,,0.0,0.0,,0.0,,,,0.0,,-0.0,,1345822_YES.csv,1345822_YES
1770825420,2026-02-11 15:57:00,1,16.0,2.08,0.129999999991875,2.08,,,0.0,0.0,,0.0,,,,0.0,,-0.0,,1345822_YES.csv,1345822_YES
1770825720,2026-02-11 16:02:00,1,15.0,1.95,0.12999999999133335,1.95,,,0.0,0.0,,0.0,,,,0.0,,-0.0,,1345822_YES.csv,1345822_YES
1770825840,2026-02-11 16:04:00,1,15.0,1.95,0.12999999999133335,1.95,,,0.0,0.0,,0.0,,,,0.0,,-0.0,,1345822_YES.csv,1345822_YES
1770825960,2026-02-11 16:06:00,1,16.0,2.08,0.129999999991875,2.08,,,0.0,0.0,,0.0,,,,0.0,,-0.0,,1345822_YES.csv,1345822_YES
1770826140,2026-02-11 16:09:00,1,16.0,2.08,0.129999999991875,2.08,,,0.0,0.0,,0.0,,,,0.0,,-0.0,,1345822_YES.csv,1345822_YES
1770826200,2026-02-11 16:10:00,2,81.0,10.53,0.12999999999839507,5.265,,,0.0,0.0,,0.0,,,,0.0,,-0.0,,1345822_YES.csv,1345822_YES
1770826260,2026-02-11 16:11:00,1,7.81,1.0934,0.1399999999820743,1.0934,,,0.0,0.0,,0.0,,,,0.0,,-0.0,,1345822_YES.csv,1345822_YES
1770826800,2026-02-11 16:20:00,2,31.0,4.96,0.15999999999483872,2.48,,,0.0,0.0,,0.0,,,,0.0,,-0.0,,1345822_YES.csv,1345822_YES
1770827220,2026-02-11 16:27:00,3,72.72,10.180800000000001,0.13999999999807483,3.3936000000000006,,,0.0,0.0,,0.0,,,,0.0,,-0.0,,1345822_YES.csv,1345822_YES
1770827280,2026-02-11 16:28:00,2,59.14,8.2796,0.13999999999763274,4.1398,,,0.0,0.0,,0.0,,,,0.0,,-0.0,,1345822_YES.csv,1345822_YES
1770828000,2026-02-11 16:40:00,5,172.42000000000002,20.6904,0.11999999999930402,4.13808,,,0.0,0.0,,0.0,,,,0.0,,-0.0,,1345822_YES.csv,1345822_YES
1770828060,2026-02-11 16:41:00,5,214.10999999999999,25.693199999999997,0.11999999999943954,5.13864,,,0.0,0.0,,0.0,,,,0.0,,-0.0,,1345822_YES.csv,1345822_YES
1770828120,2026-02-11 16:42:00,2,31.0,3.7199999999999998,0.11999999999612902,1.8599999999999999,,,0.0,0.0,,0.0,,,,0.0,,-0.0,,1345822_YES.csv,1345822_YES
1770829380,2026-02-11 17:03:00,2,25.0,2.5,0.099999999996,1.25,,,0.0,0.0,,0.0,,,,0.0,,-0.0,,1345822_YES.csv,1345822_YES
1770829440,2026-02-11 17:04:00,4,153.0,15.3,0.09999999999934642,3.825,,,0.0,0.0,,0.0,,,,0.0,,-0.0,,1345822_YES.csv,1345822_YES
1770829500,2026-02-11 17:05:00,2,31.0,3.1,0.0999999999967742,1.55,,,0.0,0.0,,0.0,,,,0.0,,-0.0,,1345822_YES.csv,1345822_YES
1770829560,2026-02-11 17:06:00,3,49.0,4.9,0.0999999999979592,1.6333333333333335,,,0.0,0.0,,0.0,,,,0.0,,-0.0,,1345822_YES.csv,1345822_YES
1770829620,2026-02-11 17:07:00,2,36.0,3.6,0.09999999999722224,1.8,,,0.0,0.0,,0.0,,,,0.0,,-0.0,,1345822_YES.csv,1345822_YES
1770830160,2026-02-11 17:16:00,3,621.96,69.73519999999999,0.11212167985061397,23.245066666666663,,,0.0,0.0,,0.0,,,,0.0,,-0.0,,1345822_YES.csv,1345822_YES
1770830580,2026-02-11 17:23:00,1,17.0,2.04,0.11999999999294118,2.04,,,0.0,0.0,,0.0,,,,0.0,,-0.0,,1345822_YES.csv,1345822_YES
1770831060,2026-02-11 17:31:00,2,109.24,15.2436,0.13954229219938172,7.6218,,,0.0,0.0,,0.0,,,,0.0,,-0.0,,1345822_YES.csv,1345822_YES
1770831900,2026-02-11 17:45:00,1,165.03,19.8036,0.11999999999927287,19.8036,,,0.0,0.0,,0.0,,,,0.0,,-0.0,,1345822_YES.csv,1345822_YES
1770832080,2026-02-11 17:48:00,1,1000.0,130.0,0.12999999999987,130.0,,,0.0,0.0,,0.0,,,,0.0,,-0.0,,1345822_YES.csv,1345822_YES
1770832560,2026-02-11 17:56:00,1,7.692306,0.999999,0.12999989858307762,0.999999,,,0.0,0.0,,0.0,,,,0.0,,-0.0,,1345822_YES.csv,1345822_YES
1770833760,2026-02-11 18:16:00,1,5.0,0.55,0.109999999978,0.55,,,0.0,0.0,,0.0,,,,0.0,,-0.0,,1345822_YES.csv,1345822_YES
1770835560,2026-02-11 18:46:00,1,12.22,1.833,0.14999999998772504,1.833,,,0.0,0.0,,0.0,,,,0.0,,-0.0,,1345822_YES.csv,1345822_YES
1770835920,2026-02-11 18:52:00,1,5.0,0.8,0.15999999996800002,0.8,,,0.0,0.0,,0.0,,,,0.0,,-0.0,,1345822_YES.csv,1345822_YES
1770836700,2026-02-11 19:05:00,2,201.19,34.2023,0.16999999999915505,17.10115,,,0.0,0.0,,0.0,,,,0.0,,-0.0,,1345822_YES.csv,1345822_YES
1770836880,2026-02-11 19:08:00,1,49.27,8.8686,0.17999999999634667,8.8686,,,0.0,0.0,,0.0,,,,0.0,,-0.0,,1345822_YES.csv,1345822_YES
1770836940,2026-02-11 19:09:00,2,163.0,29.34,0.17999999999889568,14.67,,,0.0,0.0,,0.0,,,,0.0,,-0.0,,1345822_YES.csv,1345822_YES
1770837120,2026-02-11 19:12:00,1,15.0,2.7,0.17999999998799998,2.7,,,0.0,0.0,,0.0,,,,0.0,,-0.0,,1345822_YES.csv,1345822_YES
1770837180,2026-02-11 19:13:00,2,42.0,7.56,0.17999999999571428,3.78,,,0.0,0.0,,0.0,,,,0.0,,-0.0,,1345822_YES.csv,1345822_YES
1770837960,2026-02-11 19:26:00,2,110.0,20.9,0.18999999999827272,10.45,,,0.0,0.0,,0.0,,,,0.0,,-0.0,,1345822_YES.csv,1345822_YES
1770838080,2026-02-11 19:28:00,1,1002.5,199.0,0.198503740648181,199.0,,,0.0,0.0,,0.0,,,,0.0,,-0.0,,1345822_YES.csv,1345822_YES
1770838620,2026-02-11 19:37:00,1,15.0,2.85,0.18999999998733333,2.85,,,0.0,0.0,,0.0,,,,0.0,,-0.0,,1345822_YES.csv,1345822_YES
1770838680,2026-02-11 19:38:00,1,15.0,2.85,0.18999999998733333,2.85,,,0.0,0.0,,0.0,,,,0.0,,-0.0,,1345822_YES.csv,1345822_YES
1770838740,2026-02-11 19:39:00,1,16.0,3.04,0.189999999988125,3.04,,,0.0,0.0,,0.0,,,,0.0,,-0.0,,1345822_YES.csv,1345822_YES
1770838980,2026-02-11 19:43:00,1,10.0,2.1,0.209999999979,2.1,,,0.0,0.0,,0.0,,,,0.0,,-0.0,,1345822_YES.csv,1345822_YES
1770839160,2026-02-11 19:46:00,1,19.0,3.8,0.1999999999894737,3.8,,,0.0,0.0,,0.0,,,,0.0,,-0.0,,1345822_YES.csv,1345822_YES
1770840060,2026-02-11 20:01:00,1,16.0,3.04,0.189999999988125,3.04,,,0.0,0.0,,0.0,,,,0.0,,-0.0,,1345822_YES.csv,1345822_YES
1770840900,2026-02-11 20:15:00,1,15.0,2.85,0.18999999998733333,2.85,,,0.0,0.0,,0.0,,,,0.0,,-0.0,,1345822_YES.csv,1345822_YES
1770841800,2026-02-11 20:30:00,2,100.505293,16.375999,0.1629366823480337,8.1879995,,,0.0,0.0,,0.0,,,,0.0,,-0.0,,1345822_YES.csv,1345822_YES
1770841860,2026-02-11 20:31:00,1,44.444443,7.999999,0.1799999833459494,7.999999,,,0.0,0.0,,0.0,,,,0.0,,-0.0,,1345822_YES.csv,1345822_YES
1770842040,2026-02-11 20:34:00,1,52.941175,8.999999,0.1699999858301218,8.999999,,,0.0,0.0,,0.0,,,,0.0,,-0.0,,1345822_YES.csv,1345822_YES
1770844200,2026-02-11 21:10:00,1,15.0,2.85,0.18999999998733333,2.85,,,0.0,0.0,,0.0,,,,0.0,,-0.0,,1345822_YES.csv,1345822_YES
1770844920,2026-02-11 21:22:00,1,250.0,50.0,0.1999999999992,50.0,,,0.0,0.0,,0.0,,,,0.0,,-0.0,,1345822_YES.csv,1345822_YES
1770844980,2026-02-11 21:23:00,1,16.0,3.2,0.1999999999875,3.2,,,0.0,0.0,,0.0,,,,0.0,,-0.0,,1345822_YES.csv,1345822_YES
1770845040,2026-02-11 21:24:00,1,24.41,4.882000000000001,0.19999999999180665,4.882000000000001,,,0.0,0.0,,0.0,,,,0.0,,-0.0,,1345822_YES.csv,1345822_YES
1770845580,2026-02-11 21:33:00,2,192.25,44.2175,0.22999999999880366,22.10875,,,0.0,0.0,,0.0,,,,0.0,,-0.0,,1345822_YES.csv,1345822_YES
1770846120,2026-02-11 21:42:00,1,44.71,11.1775,0.24999999999440842,11.1775,,,0.0,0.0,,0.0,,,,0.0,,-0.0,,1345822_YES.csv,1345822_YES
1770846540,2026-02-11 21:49:00,1,5.0,1.1,0.219999999956,1.1,,,0.0,0.0,,0.0,,,,0.0,,-0.0,,1345822_YES.csv,1345822_YES
1770846660,2026-02-11 21:51:00,3,59.0,13.95,0.23644067796209423,4.6499999999999995,,,0.0,0.0,,0.0,,,,0.0,,-0.0,,1345822_YES.csv,1345822_YES
1770846720,2026-02-11 21:52:00,3,89.0,21.36,0.23999999999730334,7.12,,,0.0,0.0,,0.0,,,,0.0,,-0.0,,1345822_YES.csv,1345822_YES
1770848160,2026-02-11 22:16:00,2,35.0,6.65,0.18999999999457146,3.325,,,0.0,0.0,,0.0,,,,0.0,,-0.0,,1345822_YES.csv,1345822_YES
1770849120,2026-02-11 22:32:00,1,26.315788,4.999999,0.18999997263277843,4.999999,,,0.0,0.0,,0.0,,,,0.0,,-0.0,,1345822_YES.csv,1345822_YES
1770849540,2026-02-11 22:39:00,1,51.0,8.4747,0.16617058823203584,8.4747,,,0.0,0.0,,0.0,,,,0.0,,-0.0,,1345822_YES.csv,1345822_YES
1770850140,2026-02-11 22:49:00,1,10.0,1.9,0.18999999998099998,1.9,,,0.0,0.0,,0.0,,,,0.0,,-0.0,,1345822_YES.csv,1345822_YES
1770850380,2026-02-11 22:53:00,1,51.0,8.21,0.16098039215370621,8.21,,,0.0,0.0,,0.0,,,,0.0,,-0.0,,1345822_YES.csv,1345822_YES
1770850740,2026-02-11 22:59:00,1,51.0,8.16,0.15999999999686276,8.16,,,0.0,0.0,,0.0,,,,0.0,,-0.0,,1345822_YES.csv,1345822_YES
1770850860,2026-02-11 23:01:00,1,19.53,3.1248000000000005,0.1599999999918075,3.1248000000000005,,,0.0,0.0,,0.0,,,,0.0,,-0.0,,1345822_YES.csv,1345822_YES
1770854640,2026-02-12 00:04:00,1,31.25,5.0,0.15999999999488,5.0,,,0.0,0.0,,0.0,,,,0.0,,-0.0,,1345822_YES.csv,1345822_YES
1770855540,2026-02-12 00:19:00,1,5.89,0.8835,0.14999999997453312,0.8835,,,0.0,0.0,,0.0,,,,0.0,,-0.0,,1345822_YES.csv,1345822_YES
1770855840,2026-02-12 00:24:00,1,26.47,3.7969,0.14344163203084836,3.7969,,,0.0,0.0,,0.0,,,,0.0,,-0.0,,1345822_YES.csv,1345822_YES
1770856320,2026-02-12 00:32:00,1,12.36,1.9776,0.15999999998705502,1.9776,,,0.0,0.0,,0.0,,,,0.0,,-0.0,,1345822_YES.csv,1345822_YES
1770858000,2026-02-12 01:00:00,1,51.0,8.16,0.15999999999686276,8.16,,,0.0,0.0,,0.0,,,,0.0,,-0.0,,1345822_YES.csv,1345822_YES
1770867420,2026-02-12 03:37:00,1,58.823528,9.999999,0.1699999870771097,9.999999,,,0.0,0.0,,0.0,,,,0.0,,-0.0,,1345822_YES.csv,1345822_YES
1770867480,2026-02-12 03:38:00,1,5.882351,0.999999,0.1699998860710624,0.999999,,,0.0,0.0,,0.0,,,,0.0,,-0.0,,1345822_YES.csv,1345822_YES
1770869160,2026-02-12 04:06:00,1,150.06,21.158400000000004,0.1409996001589964,21.158400000000004,,,0.0,0.0,,0.0,,,,0.0,,-0.0,,1345822_YES.csv,1345822_YES
1770869520,2026-02-12 04:12:00,1,10.0,1.6,0.159999999984,1.6,,,0.0,0.0,,0.0,,,,0.0,,-0.0,,1345822_YES.csv,1345822_YES
1770869880,2026-02-12 04:18:00,1,200.0,28.000000000000004,0.13999999999930002,28.000000000000004,,,0.0,0.0,,0.0,,,,0.0,,-0.0,,1345822_YES.csv,1345822_YES
1770872520,2026-02-12 05:02:00,1,16.0,1.92,0.1199999999925,1.92,,,0.0,0.0,,0.0,,,,0.0,,-0.0,,1345822_YES.csv,1345822_YES
1770875880,2026-02-12 05:58:00,1,71.7,7.887,0.10999999999846582,7.887,,,0.0,0.0,,0.0,,,,0.0,,-0.0,,1345822_YES.csv,1345822_YES
1770876000,2026-02-12 06:00:00,1,15.384614,1.999999,0.12999994669154522,1.999999,,,0.0,0.0,,0.0,,,,0.0,,-0.0,,1345822_YES.csv,1345822_YES
1770877500,2026-02-12 06:25:00,1,15.0,1.95,0.12999999999133335,1.95,,,0.0,0.0,,0.0,,,,0.0,,-0.0,,1345822_YES.csv,1345822_YES
1770877560,2026-02-12 06:26:00,1,15.0,1.95,0.12999999999133335,1.95,,,0.0,0.0,,0.0,,,,0.0,,-0.0,,1345822_YES.csv,1345822_YES
1770877620,2026-02-12 06:27:00,2,32.0,4.16,0.12999999999593753,2.08,,,0.0,0.0,,0.0,,,,0.0,,-0.0,,1345822_YES.csv,1345822_YES
1770877800,2026-02-12 06:30:00,1,15.0,1.95,0.12999999999133335,1.95,,,0.0,0.0,,0.0,,,,0.0,,-0.0,,1345822_YES.csv,1345822_YES
1770879480,2026-02-12 06:58:00,1,115.384614,14.999999,0.1299999928922065,14.999999,,,0.0,0.0,,0.0,,,,0.0,,-0.0,,1345822_YES.csv,1345822_YES
1770879540,2026-02-12 06:59:00,1,69.230768,8.999998999999999,0.1299999878647886,8.999998999999999,,,0.0,0.0,,0.0,,,,0.0,,-0.0,,1345822_YES.csv,1345822_YES
1770879960,2026-02-12 07:06:00,1,115.384614,14.999999,0.1299999928922065,14.999999,,,0.0,0.0,,0.0,,,,0.0,,-0.0,,1345822_YES.csv,1345822_YES
1770880080,2026-02-12 07:08:00,5,1190.0,142.8,0.11999999999989915,28.560000000000002,,,0.0,0.0,,0.0,,,,0.0,,-0.0,,1345822_YES.csv,1345822_YES
1770880140,2026-02-12 07:09:00,1,22.0,2.64,0.11999999999454544,2.64,,,0.0,0.0,,0.0,,,,0.0,,-0.0,,1345822_YES.csv,1345822_YES
1770880260,2026-02-12 07:11:00,1,123.076922,15.999998999999995,0.12999999301144363,15.999998999999995,,,0.0,0.0,,0.0,,,,0.0,,-0.0,,1345822_YES.csv,1345822_YES
1770880320,2026-02-12 07:12:00,1,200.0,26.0,0.12999999999935,26.0,,,0.0,0.0,,0.0,,,,0.0,,-0.0,,1345822_YES.csv,1345822_YES
1770880980,2026-02-12 07:23:00,1,82.5,11.55,0.13999999999830304,11.55,,,0.0,0.0,,0.0,,,,0.0,,-0.0,,1345822_YES.csv,1345822_YES
1770881160,2026-02-12 07:26:00,1,20.0,3.0,0.1499999999925,3.0,,,0.0,0.0,,0.0,,,,0.0,,-0.0,,1345822_YES.csv,1345822_YES
1770881340,2026-02-12 07:29:00,1,20.0,2.4,0.11999999999399999,2.4,,,0.0,0.0,,0.0,,,,0.0,,-0.0,,1345822_YES.csv,1345822_YES
1770881580,2026-02-12 07:33:00,1,13.0,1.69,0.12999999999,1.69,,,0.0,0.0,,0.0,,,,0.0,,-0.0,,1345822_YES.csv,1345822_YES
1770881880,2026-02-12 07:38:00,1,50.0,6.5,0.1299999999974,6.5,,,0.0,0.0,,0.0,,,,0.0,,-0.0,,1345822_YES.csv,1345822_YES
1770882060,2026-02-12 07:41:00,1,7.142856,0.999999,0.1399998823803811,0.999999,,,0.0,0.0,,0.0,,,,0.0,,-0.0,,1345822_YES.csv,1345822_YES
1770884640,2026-02-12 08:24:00,1,5.0,0.55,0.109999999978,0.55,,,0.0,0.0,,0.0,,,,0.0,,-0.0,,1345822_YES.csv,1345822_YES
1770884760,2026-02-12 08:26:00,1,11.076922,1.4399989999999998,0.12999992234936739,1.4399989999999998,,,0.0,0.0,,0.0,,,,0.0,,-0.0,,1345822_YES.csv,1345822_YES
1770885480,2026-02-12 08:38:00,1,5.0,0.5,0.09999999998,0.5,,,0.0,0.0,,0.0,,,,0.0,,-0.0,,1345822_YES.csv,1345822_YES
1770885540,2026-02-12 08:39:00,1,41.0,3.69,0.08999999999780488,3.69,,,0.0,0.0,,0.0,,,,0.0,,-0.0,,1345822_YES.csv,1345822_YES
1770885900,2026-02-12 08:45:00,2,20.0,2.0,0.099999999995,1.0,,,0.0,0.0,,0.0,,,,0.0,,-0.0,,1345822_YES.csv,1345822_YES
1770886260,2026-02-12 08:51:00,2,15.0,1.5,0.09999999999333334,0.75,,,0.0,0.0,,0.0,,,,0.0,,-0.0,,1345822_YES.csv,1345822_YES
1770887760,2026-02-12 09:16:00,1,8.333332,0.999999,0.1199998991855838,0.999999,,,0.0,0.0,,0.0,,,,0.0,,-0.0,,1345822_YES.csv,1345822_YES
1770888480,2026-02-12 09:28:00,1,25.0,3.0,0.1199999999952,3.0,,,0.0,0.0,,0.0,,,,0.0,,-0.0,,1345822_YES.csv,1345822_YES
1770888660,2026-02-12 09:31:00,1,41.666665,4.999999,0.11999998079711921,4.999999,,,0.0,0.0,,0.0,,,,0.0,,-0.0,,1345822_YES.csv,1345822_YES
1770888720,2026-02-12 09:32:00,1,41.67,5.0004,0.11999999999712023,5.0004,,,0.0,0.0,,0.0,,,,0.0,,-0.0,,1345822_YES.csv,1345822_YES
1770888840,2026-02-12 09:34:00,4,59.333332,7.119999,0.11999998584067385,1.77999975,,,0.0,0.0,,0.0,,,,0.0,,-0.0,,1345822_YES.csv,1345822_YES
1770889200,2026-02-12 09:40:00,1,100.0,12.0,0.1199999999988,12.0,,,0.0,0.0,,0.0,,,,0.0,,-0.0,,1345822_YES.csv,1345822_YES
1770889320,2026-02-12 09:42:00,1,10.0,1.2,0.119999999988,1.2,,,0.0,0.0,,0.0,,,,0.0,,-0.0,,1345822_YES.csv,1345822_YES
1770890040,2026-02-12 09:54:00,2,488.0,67.57000000000001,0.13846311475381465,33.785000000000004,,,0.0,0.0,,0.0,,,,0.0,,-0.0,,1345822_YES.csv,1345822_YES
1770890100,2026-02-12 09:55:00,1,58.82,7.1584,0.12170010200405128,7.1584,,,0.0,0.0,,0.0,,,,0.0,,-0.0,,1345822_YES.csv,1345822_YES
1770890160,2026-02-12 09:56:00,1,60.0,9.0,0.14999999999750002,9.0,,,0.0,0.0,,0.0,,,,0.0,,-0.0,,1345822_YES.csv,1345822_YES
1770890220,2026-02-12 09:57:00,1,10.0,1.4,0.13999999998600002,1.4,,,0.0,0.0,,0.0,,,,0.0,,-0.0,,1345822_YES.csv,1345822_YES
1770890580,2026-02-12 10:03:00,2,153.0,21.420000000000005,0.13999999999908502,10.710000000000003,,,0.0,0.0,,0.0,,,,0.0,,-0.0,,1345822_YES.csv,1345822_YES
1770890820,2026-02-12 10:07:00,2,124.0,17.36,0.139999999998871,8.68,,,0.0,0.0,,0.0,,,,0.0,,-0.0,,1345822_YES.csv,1345822_YES
1770891360,2026-02-12 10:16:00,1,43.0,5.59,0.12999999999697676,5.59,,,0.0,0.0,,0.0,,,,0.0,,-0.0,,1345822_YES.csv,1345822_YES
1770891900,2026-02-12 10:25:00,1,15.0,1.95,0.12999999999133335,1.95,,,0.0,0.0,,0.0,,,,0.0,,-0.0,,1345822_YES.csv,1345822_YES
1770891960,2026-02-12 10:26:00,1,45.0,5.8500000000000005,0.12999999999711112,5.8500000000000005,,,0.0,0.0,,0.0,,,,0.0,,-0.0,,1345822_YES.csv,1345822_YES
1770893880,2026-02-12 10:58:00,1,30.0,5.1000000000000005,0.16999999999433335,5.1000000000000005,,,0.0,0.0,,0.0,,,,0.0,,-0.0,,1345822_YES.csv,1345822_YES
1770894000,2026-02-12 11:00:00,2,47.78,8.1226,0.16999999999644205,4.0613,,,0.0,0.0,,0.0,,,,0.0,,-0.0,,1345822_YES.csv,1345822_YES
1770894060,2026-02-12 11:01:00,1,5.0,0.8500000000000001,0.16999999996600001,0.8500000000000001,,,0.0,0.0,,0.0,,,,0.0,,-0.0,,1345822_YES.csv,1345822_YES
1770894120,2026-02-12 11:02:00,3,74.39,13.5732,0.18246000806314747,4.5244,,,0.0,0.0,,0.0,,,,0.0,,-0.0,,1345822_YES.csv,1345822_YES
1770894300,2026-02-12 11:05:00,2,178.0,32.04,0.17999999999898877,16.02,,,0.0,0.0,,0.0,,,,0.0,,-0.0,,1345822_YES.csv,1345822_YES
1770894360,2026-02-12 11:06:00,1,132.0,23.76,0.17999999999863636,23.76,,,0.0,0.0,,0.0,,,,0.0,,-0.0,,1345822_YES.csv,1345822_YES
1770894600,2026-02-12 11:10:00,1,100.0,16.0,0.1599999999984,16.0,,,0.0,0.0,,0.0,,,,0.0,,-0.0,,1345822_YES.csv,1345822_YES
1770895260,2026-02-12 11:21:00,1,5.0,0.8999999999999999,0.17999999996399998,0.8999999999999999,,,0.0,0.0,,0.0,,,,0.0,,-0.0,,1345822_YES.csv,1345822_YES
1770895380,2026-02-12 11:23:00,1,78.0,14.04,0.17999999999769228,14.04,,,0.0,0.0,,0.0,,,,0.0,,-0.0,,1345822_YES.csv,1345822_YES
1770895560,2026-02-12 11:26:00,1,5.0,0.8999999999999999,0.17999999996399998,0.8999999999999999,,,0.0,0.0,,0.0,,,,0.0,,-0.0,,1345822_YES.csv,1345822_YES
1770895680,2026-02-12 11:28:00,3,278.85,52.2,0.18719741796597741,17.400000000000002,,,0.0,0.0,,0.0,,,,0.0,,-0.0,,1345822_YES.csv,1345822_YES
1770895740,2026-02-12 11:29:00,3,157.0,31.4,0.19999999999872614,10.466666666666667,,,0.0,0.0,,0.0,,,,0.0,,-0.0,,1345822_YES.csv,1345822_YES
1770895800,2026-02-12 11:30:00,1,5.0,1.0,0.19999999996,1.0,,,0.0,0.0,,0.0,,,,0.0,,-0.0,,1345822_YES.csv,1345822_YES
1770895920,2026-02-12 11:32:00,1,10.0,2.0,0.19999999998,2.0,,,0.0,0.0,,0.0,,,,0.0,,-0.0,,1345822_YES.csv,1345822_YES
1770896220,2026-02-12 11:37:00,2,10.0,1.9,0.18999999998099998,0.95,,,0.0,0.0,,0.0,,,,0.0,,-0.0,,1345822_YES.csv,1345822_YES
1770896460,2026-02-12 11:41:00,1,94.0,16.919999999999998,0.17999999999808508,16.919999999999998,,,0.0,0.0,,0.0,,,,0.0,,-0.0,,1345822_YES.csv,1345822_YES
1770896580,2026-02-12 11:43:00,1,10.526314,1.999999,0.1899999372819393,1.999999,,,0.0,0.0,,0.0,,,,0.0,,-0.0,,1345822_YES.csv,1345822_YES
1770897420,2026-02-12 11:57:00,2,229.0,41.22,0.17999999999921398,20.61,,,0.0,0.0,,0.0,,,,0.0,,-0.0,,1345822_YES.csv,1345822_YES
1770897660,2026-02-12 12:01:00,1,116.0,20.88,0.17999999999844826,20.88,,,0.0,0.0,,0.0,,,,0.0,,-0.0,,1345822_YES.csv,1345822_YES
1770897780,2026-02-12 12:03:00,1,55.833332,9.999999,0.17910446397540616,9.999999,,,0.0,0.0,,0.0,,,,0.0,,-0.0,,1345822_YES.csv,1345822_YES
1770898380,2026-02-12 12:13:00,3,444.0,75.48,0.16999999999961712,25.16,,,0.0,0.0,,0.0,,,,0.0,,-0.0,,1345822_YES.csv,1345822_YES
1770898440,2026-02-12 12:14:00,1,16.0,2.88,0.17999999998875,2.88,,,0.0,0.0,,0.0,,,,0.0,,-0.0,,1345822_YES.csv,1345822_YES
1770898620,2026-02-12 12:17:00,1,49.8,8.466,0.16999999999658635,8.466,,,0.0,0.0,,0.0,,,,0.0,,-0.0,,1345822_YES.csv,1345822_YES
1770899340,2026-02-12 12:29:00,1,124.0,21.08,0.16999999999862905,21.08,,,0.0,0.0,,0.0,,,,0.0,,-0.0,,1345822_YES.csv,1345822_YES
1770899520,2026-02-12 12:32:00,1,5.0,0.8500000000000001,0.16999999996600001,0.8500000000000001,,,0.0,0.0,,0.0,,,,0.0,,-0.0,,1345822_YES.csv,1345822_YES
1770899640,2026-02-12 12:34:00,1,50.0,8.5,0.1699999999966,8.5,,,0.0,0.0,,0.0,,,,0.0,,-0.0,,1345822_YES.csv,1345822_YES
1770899760,2026-02-12 12:36:00,1,45.0,7.2,0.15999999999644446,7.2,,,0.0,0.0,,0.0,,,,0.0,,-0.0,,1345822_YES.csv,1345822_YES
1770900780,2026-02-12 12:53:00,1,5.0,0.8,0.15999999996800002,0.8,,,0.0,0.0,,0.0,,,,0.0,,-0.0,,1345822_YES.csv,1345822_YES
1770900960,2026-02-12 12:56:00,1,18.75,3.0,0.15999999999146666,3.0,,,0.0,0.0,,0.0,,,,0.0,,-0.0,,1345822_YES.csv,1345822_YES
1770901500,2026-02-12 13:05:00,2,10.0,1.5,0.149999999985,0.75,,,0.0,0.0,,0.0,,,,0.0,,-0.0,,1345822_YES.csv,1345822_YES
1770902580,2026-02-12 13:23:00,1,111.388887,19.999999,0.17955111626010276,19.999999,,,0.0,0.0,,0.0,,,,0.0,,-0.0,,1345822_YES.csv,1345822_YES
1770902640,2026-02-12 13:24:00,1,9.0,1.57,0.17444444442506168,1.57,,,0.0,0.0,,0.0,,,,0.0,,-0.0,,1345822_YES.csv,1345822_YES
1770903780,2026-02-12 13:43:00,1,5.0,0.8500000000000001,0.16999999996600001,0.8500000000000001,,,0.0,0.0,,0.0,,,,0.0,,-0.0,,1345822_YES.csv,1345822_YES
1770903960,2026-02-12 13:46:00,2,57.263156,10.809999,0.1887775623091962,5.4049995,,,0.0,0.0,,0.0,,,,0.0,,-0.0,,1345822_YES.csv,1345822_YES
1770904020,2026-02-12 13:47:00,1,26.578946,4.999999,0.18811878393567147,4.999999,,,0.0,0.0,,0.0,,,,0.0,,-0.0,,1345822_YES.csv,1345822_YES
1770904620,2026-02-12 13:57:00,1,10.0,2.0,0.19999999998,2.0,,,0.0,0.0,,0.0,,,,0.0,,-0.0,,1345822_YES.csv,1345822_YES
1770904680,2026-02-12 13:58:00,4,349.23,72.9383,0.20885462302720598,18.234575,,,0.0,0.0,,0.0,,,,0.0,,-0.0,,1345822_YES.csv,1345822_YES
1770904800,2026-02-12 14:00:00,1,10.0,2.0,0.19999999998,2.0,,,0.0,0.0,,0.0,,,,0.0,,-0.0,,1345822_YES.csv,1345822_YES
1770904860,2026-02-12 14:01:00,1,143.0,27.17,0.18999999999867134,27.17,,,0.0,0.0,,0.0,,,,0.0,,-0.0,,1345822_YES.csv,1345822_YES
1770904920,2026-02-12 14:02:00,1,60.0,10.8,0.179999999997,10.8,,,0.0,0.0,,0.0,,,,0.0,,-0.0,,1345822_YES.csv,1345822_YES
1770904980,2026-02-12 14:03:00,1,94.0,16.919999999999998,0.17999999999808508,16.919999999999998,,,0.0,0.0,,0.0,,,,0.0,,-0.0,,1345822_YES.csv,1345822_YES
1770905100,2026-02-12 14:05:00,1,9.0,1.53,0.16999999998111112,1.53,,,0.0,0.0,,0.0,,,,0.0,,-0.0,,1345822_YES.csv,1345822_YES
1770905160,2026-02-12 14:06:00,1,62.0,10.54,0.1699999999972581,10.54,,,0.0,0.0,,0.0,,,,0.0,,-0.0,,1345822_YES.csv,1345822_YES
1770905400,2026-02-12 14:10:00,1,158.0,28.44,0.17999999999886077,28.44,,,0.0,0.0,,0.0,,,,0.0,,-0.0,,1345822_YES.csv,1345822_YES
1770905700,2026-02-12 14:15:00,3,145.96,24.813200000000002,0.1699999999988353,8.271066666666668,,,0.0,0.0,,0.0,,,,0.0,,-0.0,,1345822_YES.csv,1345822_YES
1770905760,2026-02-12 14:16:00,1,123.0,20.91,0.1699999999986179,20.91,,,0.0,0.0,,0.0,,,,0.0,,-0.0,,1345822_YES.csv,1345822_YES
1770905820,2026-02-12 14:17:00,1,23.0,3.91,0.1699999999926087,3.91,,,0.0,0.0,,0.0,,,,0.0,,-0.0,,1345822_YES.csv,1345822_YES
1770906180,2026-02-12 14:23:00,1,38.0,6.460000000000001,0.16999999999552634,6.460000000000001,,,0.0,0.0,,0.0,,,,0.0,,-0.0,,1345822_YES.csv,1345822_YES
1770906600,2026-02-12 14:30:00,5,457.84000000000003,76.8844,0.16792853398530505,15.37688,,,0.0,0.0,,0.0,,,,0.0,,-0.0,,1345822_YES.csv,1345822_YES
1770906660,2026-02-12 14:31:00,2,223.0,39.52,0.17721973094090934,19.76,,,0.0,0.0,,0.0,,,,0.0,,-0.0,,1345822_YES.csv,1345822_YES
1770906720,2026-02-12 14:32:00,2,607.62,119.7338,0.197053750699126,59.8669,,,0.0,0.0,,0.0,,,,0.0,,-0.0,,1345822_YES.csv,1345822_YES
1770906780,2026-02-12 14:33:00,1,940.803635,199.999999,0.21258421158182214,199.999999,,,0.0,0.0,,0.0,,,,0.0,,-0.0,,1345822_YES.csv,1345822_YES
1770906840,2026-02-12 14:34:00,6,4583.258092,949.2477979999999,0.20711201048369685,158.2079663333333,,,0.0,0.0,,0.0,,,,0.0,,-0.0,,1345822_YES.csv,1345822_YES
1770906900,2026-02-12 14:35:00,1,432.0,77.75999999999999,0.17999999999958333,77.75999999999999,,,0.0,0.0,,0.0,,,,0.0,,-0.0,,1345822_YES.csv,1345822_YES
1770906960,2026-02-12 14:36:00,2,343.0,57.8,0.1685131195330364,28.9,,,0.0,0.0,,0.0,,,,0.0,,-0.0,,1345822_YES.csv,1345822_YES
1770907020,2026-02-12 14:37:00,1,1225.11111,211.419999,0.17257210164376635,211.419999,,,0.0,0.0,,0.0,,,,0.0,,-0.0,,1345822_YES.csv,1345822_YES
1770907080,2026-02-12 14:38:00,5,540.7647039999999,87.879999,0.16251060461194136,17.575999799999998,,,0.0,0.0,,0.0,,,,0.0,,-0.0,,1345822_YES.csv,1345822_YES
1770907140,2026-02-12 14:39:00,2,10.0,1.7000000000000002,0.16999999998300003,0.8500000000000001,,,0.0,0.0,,0.0,,,,0.0,,-0.0,,1345822_YES.csv,1345822_YES
1770907200,2026-02-12 14:40:00,3,15.0,2.5500000000000003,0.1699999999886667,0.8500000000000001,,,0.0,0.0,,0.0,,,,0.0,,-0.0,,1345822_YES.csv,1345822_YES
1770907500,2026-02-12 14:45:00,1,15.0,1.9,0.12666666665822215,1.9,,,0.0,0.0,,0.0,,,,0.0,,-0.0,,1345822_YES.csv,1345822_YES
1770907620,2026-02-12 14:47:00,1,410.0,57.400000000000006,0.13999999999965856,57.400000000000006,,,0.0,0.0,,0.0,,,,0.0,,-0.0,,1345822_YES.csv,1345822_YES
1770907680,2026-02-12 14:48:00,3,52.593332,6.881199,0.13083785982354496,2.293733,,,0.0,0.0,,0.0,,,,0.0,,-0.0,,1345822_YES.csv,1345822_YES
1770907800,2026-02-12 14:50:00,2,405.0,60.75,0.14999999999962962,30.375,,,0.0,0.0,,0.0,,,,0.0,,-0.0,,1345822_YES.csv,1345822_YES
1770907920,2026-02-12 14:52:00,2,10.0,1.5,0.149999999985,0.75,,,0.0,0.0,,0.0,,,,0.0,,-0.0,,1345822_YES.csv,1345822_YES
1770907980,2026-02-12 14:53:00,1,11.76,1.6464,0.13999999998809526,1.6464,,,0.0,0.0,,0.0,,,,0.0,,-0.0,,1345822_YES.csv,1345822_YES
1770908040,2026-02-12 14:54:00,1,12.705881,2.159999,0.16999993938476207,2.159999,,,0.0,0.0,,0.0,,,,0.0,,-0.0,,1345822_YES.csv,1345822_YES
1770908400,2026-02-12 15:00:00,1,10.0,1.3,0.12999999998700001,1.3,,,0.0,0.0,,0.0,,,,0.0,,-0.0,,1345822_YES.csv,1345822_YES
1770908460,2026-02-12 15:01:00,2,20.0,2.6,0.1299999999935,1.3,,,0.0,0.0,,0.0,,,,0.0,,-0.0,,1345822_YES.csv,1345822_YES
1770908520,2026-02-12 15:02:00,2,15.559999999999999,2.234,0.14357326477226393,1.117,,,0.0,0.0,,0.0,,,,0.0,,-0.0,,1345822_YES.csv,1345822_YES
1770908580,2026-02-12 15:03:00,1,195.071427,27.309999,0.13999999600074692,27.309999,,,0.0,0.0,,0.0,,,,0.0,,-0.0,,1345822_YES.csv,1345822_YES
1770908640,2026-02-12 15:04:00,1,5.0,0.6,0.119999999976,0.6,,,0.0,0.0,,0.0,,,,0.0,,-0.0,,1345822_YES.csv,1345822_YES
1770908700,2026-02-12 15:05:00,4,20.0,2.25,0.112499999994375,0.5625,,,0.0,0.0,,0.0,,,,0.0,,-0.0,,1345822_YES.csv,1345822_YES
1770908760,2026-02-12 15:06:00,1,5.56,0.6671999999999999,0.11999999997841726,0.6671999999999999,,,0.0,0.0,,0.0,,,,0.0,,-0.0,,1345822_YES.csv,1345822_YES
1770908820,2026-02-12 15:07:00,1,5.0,0.55,0.109999999978,0.55,,,0.0,0.0,,0.0,,,,0.0,,-0.0,,1345822_YES.csv,1345822_YES
1770908880,2026-02-12 15:08:00,4,330.0,33.050000000000004,0.10015151515121168,8.262500000000001,,,0.0,0.0,,0.0,,,,0.0,,-0.0,,1345822_YES.csv,1345822_YES
1770909000,2026-02-12 15:10:00,2,804.7,80.343,0.09984217720877366,40.1715,,,0.0,0.0,,0.0,,,,0.0,,-0.0,,1345822_YES.csv,1345822_YES
1770909120,2026-02-12 15:12:00,2,3195.019227,393.65999800000003,0.12321052551834195,196.82999900000002,,,0.0,0.0,,0.0,,,,0.0,,-0.0,,1345822_YES.csv,1345822_YES
1770909240,2026-02-12 15:14:00,1,105.0,11.55,0.10999999999895238,11.55,,,0.0,0.0,,0.0,,,,0.0,,-0.0,,1345822_YES.csv,1345822_YES
1770909540,2026-02-12 15:19:00,1,2089.026665,299.99999899999995,0.14360754892511454,299.99999899999995,,,0.0,0.0,,0.0,,,,0.0,,-0.0,,1345822_YES.csv,1345822_YES
1770909720,2026-02-12 15:22:00,3,266.68,37.3352,0.13999999999947502,12.445066666666667,,,0.0,0.0,,0.0,,,,0.0,,-0.0,,1345822_YES.csv,1345822_YES
1770909900,2026-02-12 15:25:00,2,299.08,38.880399999999995,0.12999999999956532,19.440199999999997,,,0.0,0.0,,0.0,,,,0.0,,-0.0,,1345822_YES.csv,1345822_YES
1770910140,2026-02-12 15:29:00,1,0.9,0.117,0.12999999985555558,0.117,,,0.0,0.0,,0.0,,,,0.0,,-0.0,,1345822_YES.csv,1345822_YES
1770910260,2026-02-12 15:31:00,3,22.5,3.5,0.15555555554864198,1.1666666666666667,,,0.0,0.0,,0.0,,,,0.0,,-0.0,,1345822_YES.csv,1345822_YES
1770910440,2026-02-12 15:34:00,1,10.0,1.2,0.119999999988,1.2,,,0.0,0.0,,0.0,,,,0.0,,-0.0,,1345822_YES.csv,1345822_YES
1770910500,2026-02-12 15:35:00,1,10.0,1.2,0.119999999988,1.2,,,0.0,0.0,,0.0,,,,0.0,,-0.0,,1345822_YES.csv,1345822_YES
1770910560,2026-02-12 15:36:00,1,330.5,46.120000000000005,0.13954614220835238,46.120000000000005,,,0.0,0.0,,0.0,,,,0.0,,-0.0,,1345822_YES.csv,1345822_YES
1770910680,2026-02-12 15:38:00,1,5.0,0.55,0.109999999978,0.55,,,0.0,0.0,,0.0,,,,0.0,,-0.0,,1345822_YES.csv,1345822_YES
1770910740,2026-02-12 15:39:00,2,117.090908,11.879999,0.10145961973322933,5.9399995,,,0.0,0.0,,0.0,,,,0.0,,-0.0,,1345822_YES.csv,1345822_YES
1770910860,2026-02-12 15:41:00,1,5.0,0.5,0.09999999998,0.5,,,0.0,0.0,,0.0,,,,0.0,,-0.0,,1345822_YES.csv,1345822_YES
1770910920,2026-02-12 15:42:00,1,1350.416665,159.999999,0.11848194942105625,159.999999,,,0.0,0.0,,0.0,,,,0.0,,-0.0,,1345822_YES.csv,1345822_YES
1770910980,2026-02-12 15:43:00,1,760.136427,100.259999,0.13189737452204497,100.259999,,,0.0,0.0,,0.0,,,,0.0,,-0.0,,1345822_YES.csv,1345822_YES
1770911220,2026-02-12 15:47:00,1,200.0,22.0,0.10999999999945001,22.0,,,0.0,0.0,,0.0,,,,0.0,,-0.0,,1345822_YES.csv,1345822_YES
1770911280,2026-02-12 15:48:00,1,5.0,0.55,0.109999999978,0.55,,,0.0,0.0,,0.0,,,,0.0,,-0.0,,1345822_YES.csv,1345822_YES
1770911700,2026-02-12 15:55:00,2,341.0,30.69,0.08999999999973607,15.345,,,0.0,0.0,,0.0,,,,0.0,,-0.0,,1345822_YES.csv,1345822_YES
1770911820,2026-02-12 15:57:00,1,17.0,1.53,0.08999999999470588,1.53,,,0.0,0.0,,0.0,,,,0.0,,-0.0,,1345822_YES.csv,1345822_YES
1770911940,2026-02-12 15:59:00,1,100.0,10.0,0.099999999999,10.0,,,0.0,0.0,,0.0,,,,0.0,,-0.0,,1345822_YES.csv,1345822_YES
1770912000,2026-02-12 16:00:00,1,5.0,0.55,0.109999999978,0.55,,,0.0,0.0,,0.0,,,,0.0,,-0.0,,1345822_YES.csv,1345822_YES
1770912060,2026-02-12 16:01:00,2,72.383332,8.023999,0.11085423644063727,4.0119995,,,0.0,0.0,,0.0,,,,0.0,,-0.0,,1345822_YES.csv,1345822_YES
1770912120,2026-02-12 16:02:00,1,100.0,9.0,0.0899999999991,9.0,,,0.0,0.0,,0.0,,,,0.0,,-0.0,,1345822_YES.csv,1345822_YES
1770912180,2026-02-12 16:03:00,1,5.0,0.4499999999999999,0.08999999998199999,0.4499999999999999,,,0.0,0.0,,0.0,,,,0.0,,-0.0,,1345822_YES.csv,1345822_YES
1770912360,2026-02-12 16:06:00,1,5.0,0.4,0.07999999998400001,0.4,,,0.0,0.0,,0.0,,,,0.0,,-0.0,,1345822_YES.csv,1345822_YES
1770912420,2026-02-12 16:07:00,2,99.983332,8.331999000000001,0.0833338800903001,4.165999500000001,,,0.0,0.0,,0.0,,,,0.0,,-0.0,,1345822_YES.csv,1345822_YES
1770912480,2026-02-12 16:08:00,1,1111.11111,99.999999,0.089999999189919,99.999999,,,0.0,0.0,,0.0,,,,0.0,,-0.0,,1345822_YES.csv,1345822_YES
1770912540,2026-02-12 16:09:00,1,100.0,8.0,0.0799999999992,8.0,,,0.0,0.0,,0.0,,,,0.0,,-0.0,,1345822_YES.csv,1345822_YES
1770912600,2026-02-12 16:10:00,2,523.0,41.84,0.07999999999984704,20.92,,,0.0,0.0,,0.0,,,,0.0,,-0.0,,1345822_YES.csv,1345822_YES
1770912720,2026-02-12 16:12:00,1,50.0,3.5000000000000004,0.06999999999860002,3.5000000000000004,,,0.0,0.0,,0.0,,,,0.0,,-0.0,,1345822_YES.csv,1345822_YES
1770913380,2026-02-12 16:23:00,2,118.0,7.08,0.05999999999949152,3.54,,,0.0,0.0,,0.0,,,,0.0,,-0.0,,1345822_YES.csv,1345822_YES
1770913560,2026-02-12 16:26:00,4,410.0,24.6,0.05999999999985366,6.15,,,0.0,0.0,,0.0,,,,0.0,,-0.0,,1345822_YES.csv,1345822_YES
1770913920,2026-02-12 16:32:00,2,1714.9999970000001,119.999998,0.06997084443722594,59.999999,,,0.0,0.0,,0.0,,,,0.0,,-0.0,,1345822_YES.csv,1345822_YES
1770914100,2026-02-12 16:35:00,1,200.0,12.0,0.0599999999997,12.0,,,0.0,0.0,,0.0,,,,0.0,,-0.0,,1345822_YES.csv,1345822_YES
1770914160,2026-02-12 16:36:00,2,219.285713,13.299999000000001,0.0606514615931196,6.649999500000001,,,0.0,0.0,,0.0,,,,0.0,,-0.0,,1345822_YES.csv,1345822_YES
1770914220,2026-02-12 16:37:00,2,525.857141,36.809999,0.06999999834542517,18.4049995,,,0.0,0.0,,0.0,,,,0.0,,-0.0,,1345822_YES.csv,1345822_YES
1770914280,2026-02-12 16:38:00,1,138.0,8.28,0.05999999999956522,8.28,,,0.0,0.0,,0.0,,,,0.0,,-0.0,,1345822_YES.csv,1345822_YES
1770914340,2026-02-12 16:39:00,1,205.0,12.3,0.059999999999707315,12.3,,,0.0,0.0,,0.0,,,,0.0,,-0.0,,1345822_YES.csv,1345822_YES
1770914580,2026-02-12 16:43:00,1,60.0,3.6,0.059999999999,3.6,,,0.0,0.0,,0.0,,,,0.0,,-0.0,,1345822_YES.csv,1345822_YES
1770914640,2026-02-12 16:44:00,2,405.0,24.3,0.059999999999851845,12.15,,,0.0,0.0,,0.0,,,,0.0,,-0.0,,1345822_YES.csv,1345822_YES
1770914700,2026-02-12 16:45:00,1,5.0,0.3,0.059999999988,0.3,,,0.0,0.0,,0.0,,,,0.0,,-0.0,,1345822_YES.csv,1345822_YES
1770914760,2026-02-12 16:46:00,2,19.285713,1.299999,0.06740736004588431,0.6499995,,,0.0,0.0,,0.0,,,,0.0,,-0.0,,1345822_YES.csv,1345822_YES
1770914940,2026-02-12 16:49:00,1,15.38,0.7690000000000001,0.04999999999674903,0.7690000000000001,,,0.0,0.0,,0.0,,,,0.0,,-0.0,,1345822_YES.csv,1345822_YES
1770915060,2026-02-12 16:51:00,1,1118.0,67.08,0.05999999999994633,67.08,,,0.0,0.0,,0.0,,,,0.0,,-0.0,,1345822_YES.csv,1345822_YES
1770915120,2026-02-12 16:52:00,2,114.0,5.7,0.0499999999995614,2.85,,,0.0,0.0,,0.0,,,,0.0,,-0.0,,1345822_YES.csv,1345822_YES
1770915240,2026-02-12 16:54:00,2,410.0,16.4,0.03999999999990244,8.2,,,0.0,0.0,,0.0,,,,0.0,,-0.0,,1345822_YES.csv,1345822_YES
1770915300,2026-02-12 16:55:00,1,205.0,8.2,0.03999999999980488,8.2,,,0.0,0.0,,0.0,,,,0.0,,-0.0,,1345822_YES.csv,1345822_YES
1770915600,2026-02-12 17:00:00,1,208.0,8.32,0.039999999999807696,8.32,,,0.0,0.0,,0.0,,,,0.0,,-0.0,,1345822_YES.csv,1345822_YES
1770915780,2026-02-12 17:03:00,4,230.0,11.5,0.049999999999782614,2.875,,,0.0,0.0,,0.0,,,,0.0,,-0.0,,1345822_YES.csv,1345822_YES
1770915900,2026-02-12 17:05:00,1,205.0,8.2,0.03999999999980488,8.2,,,0.0,0.0,,0.0,,,,0.0,,-0.0,,1345822_YES.csv,1345822_YES
1770915960,2026-02-12 17:06:00,2,251.0,10.04,0.039999999999840635,5.02,,,0.0,0.0,,0.0,,,,0.0,,-0.0,,1345822_YES.csv,1345822_YES
1770916140,2026-02-12 17:09:00,1,105.17,4.2068,0.039999999999619666,4.2068,,,0.0,0.0,,0.0,,,,0.0,,-0.0,,1345822_YES.csv,1345822_YES
1770916200,2026-02-12 17:10:00,1,1400.0,56.0,0.039999999999971426,56.0,,,0.0,0.0,,0.0,,,,0.0,,-0.0,,1345822_YES.csv,1345822_YES
1770916320,2026-02-12 17:12:00,1,87.5,3.5,0.03999999999954285,3.5,,,0.0,0.0,,0.0,,,,0.0,,-0.0,,1345822_YES.csv,1345822_YES
1770916440,2026-02-12 17:14:00,1,36.0,1.44,0.03999999999888889,1.44,,,0.0,0.0,,0.0,,,,0.0,,-0.0,,1345822_YES.csv,1345822_YES
1770916500,2026-02-12 17:15:00,3,529.6,23.04,0.04350453172197222,7.68,,,0.0,0.0,,0.0,,,,0.0,,-0.0,,1345822_YES.csv,1345822_YES
1770916560,2026-02-12 17:16:00,8,1602.0,63.58,0.03968789013730357,7.9475,,,0.0,0.0,,0.0,,,,0.0,,-0.0,,1345822_YES.csv,1345822_YES
1770916800,2026-02-12 17:20:00,1,1099.777776,47.899999,0.0435542525456128,47.899999,,,0.0,0.0,,0.0,,,,0.0,,-0.0,,1345822_YES.csv,1345822_YES
1770916860,2026-02-12 17:21:00,1,45.454544,1.999999,0.043999979407031306,1.999999,,,0.0,0.0,,0.0,,,,0.0,,-0.0,,1345822_YES.csv,1345822_YES
1770916920,2026-02-12 17:22:00,2,1185.790231,42.344159000000005,0.03570965411332039,21.172079500000002,,,0.0,0.0,,0.0,,,,0.0,,-0.0,,1345822_YES.csv,1345822_YES
1770916980,2026-02-12 17:23:00,7,643.45818,27.822759,0.04323942078093833,3.974679857142857,,,0.0,0.0,,0.0,,,,0.0,,-0.0,,1345822_YES.csv,1345822_YES
1770917220,2026-02-12 17:27:00,2,362.0,14.48,0.039999999999889506,7.24,,,0.0,0.0,,0.0,,,,0.0,,-0.0,,1345822_YES.csv,1345822_YES
1770917280,2026-02-12 17:28:00,7,1867.090047,80.884858,0.04332134817488885,11.554979714285713,,,0.0,0.0,,0.0,,,,0.0,,-0.0,,1345822_YES.csv,1345822_YES
1770917400,2026-02-12 17:30:00,1,69.76744,2.999999,0.042999986812716565,2.999999,,,0.0,0.0,,0.0,,,,0.0,,-0.0,,1345822_YES.csv,1345822_YES
1770917700,2026-02-12 17:35:00,1,704.545453,29.999999,0.04258064383527766,29.999999,,,0.0,0.0,,0.0,,,,0.0,,-0.0,,1345822_YES.csv,1345822_YES
1770917760,2026-02-12 17:36:00,6,1017.911818,41.93712,0.04119916800097393,6.98952,,,0.0,0.0,,0.0,,,,0.0,,-0.0,,1345822_YES.csv,1345822_YES
1770917820,2026-02-12 17:37:00,1,151.0,5.587,0.036999999999754965,5.587,,,0.0,0.0,,0.0,,,,0.0,,-0.0,,1345822_YES.csv,1345822_YES
1770917880,2026-02-12 17:38:00,2,177.0,7.506,0.04240677966077737,3.753,,,0.0,0.0,,0.0,,,,0.0,,-0.0,,1345822_YES.csv,1345822_YES
1770917940,2026-02-12 17:39:00,1,110.0,4.4,0.03999999999963637,4.4,,,0.0,0.0,,0.0,,,,0.0,,-0.0,,1345822_YES.csv,1345822_YES
1770918060,2026-02-12 17:41:00,3,1420.0,60.251999999999995,0.04243098591546307,20.084,,,0.0,0.0,,0.0,,,,0.0,,-0.0,,1345822_YES.csv,1345822_YES
1770918120,2026-02-12 17:42:00,1,34.0,1.36,0.03999999999882354,1.36,,,0.0,0.0,,0.0,,,,0.0,,-0.0,,1345822_YES.csv,1345822_YES
1770918240,2026-02-12 17:44:00,1,64.0,2.432,0.037999999999406245,2.432,,,0.0,0.0,,0.0,,,,0.0,,-0.0,,1345822_YES.csv,1345822_YES
1770918360,2026-02-12 17:46:00,5,592.0,21.676999999999996,0.036616554053992195,4.335399999999999,,,0.0,0.0,,0.0,,,,0.0,,-0.0,,1345822_YES.csv,1345822_YES
1770918420,2026-02-12 17:47:00,1,55.0,1.98,0.03599999999934545,1.98,,,0.0,0.0,,0.0,,,,0.0,,-0.0,,1345822_YES.csv,1345822_YES
1770918480,2026-02-12 17:48:00,2,281.0,10.258,0.0365053380781619,5.129,,,0.0,0.0,,0.0,,,,0.0,,-0.0,,1345822_YES.csv,1345822_YES
1770918540,2026-02-12 17:49:00,3,469.0,16.714,0.03563752665237604,5.571333333333333,,,0.0,0.0,,0.0,,,,0.0,,-0.0,,1345822_YES.csv,1345822_YES
1770918660,2026-02-12 17:51:00,1,147.0,5.292,0.0359999999997551,5.292,,,0.0,0.0,,0.0,,,,0.0,,-0.0,,1345822_YES.csv,1345822_YES
1770918780,2026-02-12 17:53:00,1,204.0,7.343999999999999,0.03599999999982353,7.343999999999999,,,0.0,0.0,,0.0,,,,0.0,,-0.0,,1345822_YES.csv,1345822_YES
1770918840,2026-02-12 17:54:00,1,527.091,20.0,0.03794411211719041,20.0,,,0.0,0.0,,0.0,,,,0.0,,-0.0,,1345822_YES.csv,1345822_YES
1770919020,2026-02-12 17:57:00,9,1426.5,46.794090000000004,0.03280342797053431,5.199343333333334,,,0.0,0.0,,0.0,,,,0.0,,-0.0,,1345822_YES.csv,1345822_YES
1770919080,2026-02-12 17:58:00,3,163.583463,5.579999,0.034111021356516225,1.8599996666666667,,,0.0,0.0,,0.0,,,,0.0,,-0.0,,1345822_YES.csv,1345822_YES
1770919140,2026-02-12 17:59:00,1,1060.0,30.74,0.028999999999972645,30.74,,,0.0,0.0,,0.0,,,,0.0,,-0.0,,1345822_YES.csv,1345822_YES
1770919200,2026-02-12 18:00:00,6,1393.103448,40.1,0.0287846534710258,6.683333333333334,,,0.0,0.0,,0.0,,,,0.0,,-0.0,,1345822_YES.csv,1345822_YES
1770919380,2026-02-12 18:03:00,8,1261.428566,34.319998,0.02720724654968119,4.28999975,,,0.0,0.0,,0.0,,,,0.0,,-0.0,,1345822_YES.csv,1345822_YES
1770919440,2026-02-12 18:04:00,12,889.457136,24.9768,0.02808094846739406,2.0814,,,0.0,0.0,,0.0,,,,0.0,,-0.0,,1345822_YES.csv,1345822_YES
1770919740,2026-02-12 18:09:00,4,248.0,7.936,0.03199999999987097,1.984,,,0.0,0.0,,0.0,,,,0.0,,-0.0,,1345822_YES.csv,1345822_YES
1770919800,2026-02-12 18:10:00,2,385.142854,13.479997999999998,0.03499999509263903,6.739998999999999,,,0.0,0.0,,0.0,,,,0.0,,-0.0,,1345822_YES.csv,1345822_YES
1770920100,2026-02-12 18:15:00,2,218.0,6.54,0.029999999999862387,3.27,,,0.0,0.0,,0.0,,,,0.0,,-0.0,,1345822_YES.csv,1345822_YES
1770920160,2026-02-12 18:16:00,6,293.32,8.77292,0.029909041319958033,1.4621533333333332,,,0.0,0.0,,0.0,,,,0.0,,-0.0,,1345822_YES.csv,1345822_YES
1770920340,2026-02-12 18:19:00,1,62.0,1.488,0.023999999999612904,1.488,,,0.0,0.0,,0.0,,,,0.0,,-0.0,,1345822_YES.csv,1345822_YES
1770920400,2026-02-12 18:20:00,2,122.0,2.896,0.023737704917838214,1.448,,,0.0,0.0,,0.0,,,,0.0,,-0.0,,1345822_YES.csv,1345822_YES
1770920520,2026-02-12 18:22:00,1,88.0,2.024,0.022999999999738636,2.024,,,0.0,0.0,,0.0,,,,0.0,,-0.0,,1345822_YES.csv,1345822_YES
1770920700,2026-02-12 18:25:00,1,88.0,2.024,0.022999999999738636,2.024,,,0.0,0.0,,0.0,,,,0.0,,-0.0,,1345822_YES.csv,1345822_YES
1770920940,2026-02-12 18:29:00,1,529.0,13.725,0.025945179584071852,13.725,,,0.0,0.0,,0.0,,,,0.0,,-0.0,,1345822_YES.csv,1345822_YES
1770921360,2026-02-12 18:36:00,6,1732.2499999999998,37.37518,0.02157608890170495,6.229196666666667,,,0.0,0.0,,0.0,,,,0.0,,-0.0,,1345822_YES.csv,1345822_YES
1770921420,2026-02-12 18:37:00,2,264.0,5.279999999999999,0.01999999999992424,2.6399999999999997,,,0.0,0.0,,0.0,,,,0.0,,-0.0,,1345822_YES.csv,1345822_YES
1770921480,2026-02-12 18:38:00,1,95.0,2.66,0.027999999999705264,2.66,,,0.0,0.0,,0.0,,,,0.0,,-0.0,,1345822_YES.csv,1345822_YES
1770921540,2026-02-12 18:39:00,3,1098.379665,31.599999000000004,0.02876965042863494,10.533333,,,0.0,0.0,,0.0,,,,0.0,,-0.0,,1345822_YES.csv,1345822_YES
1770921600,2026-02-12 18:40:00,1,161.215,5.0,0.03101448376372532,5.0,,,0.0,0.0,,0.0,,,,0.0,,-0.0,,1345822_YES.csv,1345822_YES
1770921720,2026-02-12 18:42:00,1,31.25,1.0,0.031999999998976,1.0,,,0.0,0.0,,0.0,,,,0.0,,-0.0,,1345822_YES.csv,1345822_YES
1770922020,2026-02-12 18:47:00,2,600.0,17.5,0.029166666666618057,8.75,,,0.0,0.0,,0.0,,,,0.0,,-0.0,,1345822_YES.csv,1345822_YES
1770922080,2026-02-12 18:48:00,1,166.666665,4.999999,0.029999994299819904,4.999999,,,0.0,0.0,,0.0,,,,0.0,,-0.0,,1345822_YES.csv,1345822_YES
1770922260,2026-02-12 18:51:00,1,233.333332,6.999999000000001,0.029999995885585634,6.999999000000001,,,0.0,0.0,,0.0,,,,0.0,,-0.0,,1345822_YES.csv,1345822_YES
1770922680,2026-02-12 18:58:00,1,140.0,3.64,0.025999999999814286,3.64,,,0.0,0.0,,0.0,,,,0.0,,-0.0,,1345822_YES.csv,1345822_YES
1770922920,2026-02-12 19:02:00,1,135.0,3.78,0.027999999999792597,3.78,,,0.0,0.0,,0.0,,,,0.0,,-0.0,,1345822_YES.csv,1345822_YES
1770923040,2026-02-12 19:04:00,3,204.06110999999999,5.2308,0.02563349773003963,1.7436,,,0.0,0.0,,0.0,,,,0.0,,-0.0,,1345822_YES.csv,1345822_YES
1770923220,2026-02-12 19:07:00,2,150.0,3.45,0.02299999999984667,1.725,,,0.0,0.0,,0.0,,,,0.0,,-0.0,,1345822_YES.csv,1345822_YES
1770923280,2026-02-12 19:08:00,2,232.0,5.486,0.023646551724036007,2.743,,,0.0,0.0,,0.0,,,,0.0,,-0.0,,1345822_YES.csv,1345822_YES
1770923340,2026-02-12 19:09:00,2,255.0,5.865,0.022999999999909804,2.9325,,,0.0,0.0,,0.0,,,,0.0,,-0.0,,1345822_YES.csv,1345822_YES
1770923460,2026-02-12 19:11:00,3,584.0,12.848,0.021999999999962327,4.282666666666667,,,0.0,0.0,,0.0,,,,0.0,,-0.0,,1345822_YES.csv,1345822_YES
1770923640,2026-02-12 19:14:00,2,309.0,7.1,0.022977346278242793,3.55,,,0.0,0.0,,0.0,,,,0.0,,-0.0,,1345822_YES.csv,1345822_YES
1770923940,2026-02-12 19:19:00,2,228.0,5.700000000000001,0.024999999999890356,2.8500000000000005,,,0.0,0.0,,0.0,,,,0.0,,-0.0,,1345822_YES.csv,1345822_YES
1770924000,2026-02-12 19:20:00,2,234.0,5.85,0.024999999999893163,2.925,,,0.0,0.0,,0.0,,,,0.0,,-0.0,,1345822_YES.csv,1345822_YES
1770924060,2026-02-12 19:21:00,1,130.0,3.38,0.025999999999800003,3.38,,,0.0,0.0,,0.0,,,,0.0,,-0.0,,1345822_YES.csv,1345822_YES
1770924120,2026-02-12 19:22:00,1,370.0,9.62,0.02599999999992973,9.62,,,0.0,0.0,,0.0,,,,0.0,,-0.0,,1345822_YES.csv,1345822_YES
1770924180,2026-02-12 19:23:00,2,300.0,8.4,0.02799999999990667,4.2,,,0.0,0.0,,0.0,,,,0.0,,-0.0,,1345822_YES.csv,1345822_YES
1770924240,2026-02-12 19:24:00,2,120.0,3.24,0.026999999999774996,1.62,,,0.0,0.0,,0.0,,,,0.0,,-0.0,,1345822_YES.csv,1345822_YES
1770924420,2026-02-12 19:27:00,2,97.0,2.425,0.02499999999974227,1.2125,,,0.0,0.0,,0.0,,,,0.0,,-0.0,,1345822_YES.csv,1345822_YES
1770924480,2026-02-12 19:28:00,5,441.258063,11.525999,0.02612076688550817,2.3051998,,,0.0,0.0,,0.0,,,,0.0,,-0.0,,1345822_YES.csv,1345822_YES
1770924540,2026-02-12 19:29:00,1,146.0,3.796,0.02599999999982192,3.796,,,0.0,0.0,,0.0,,,,0.0,,-0.0,,1345822_YES.csv,1345822_YES
1770924600,2026-02-12 19:30:00,1,70.0,1.96,0.027999999999599998,1.96,,,0.0,0.0,,0.0,,,,0.0,,-0.0,,1345822_YES.csv,1345822_YES
1770924660,2026-02-12 19:31:00,2,349.0,10.121,0.028999999999916908,5.0605,,,0.0,0.0,,0.0,,,,0.0,,-0.0,,1345822_YES.csv,1345822_YES
1770924720,2026-02-12 19:32:00,1,162.258063,4.999999,0.030815103468658886,4.999999,,,0.0,0.0,,0.0,,,,0.0,,-0.0,,1345822_YES.csv,1345822_YES
1770924900,2026-02-12 19:35:00,2,286.38,8.018640000000001,0.027999999999902235,4.009320000000001,,,0.0,0.0,,0.0,,,,0.0,,-0.0,,1345822_YES.csv,1345822_YES
1770924960,2026-02-12 19:36:00,1,50.0,1.4,0.027999999999440004,1.4,,,0.0,0.0,,0.0,,,,0.0,,-0.0,,1345822_YES.csv,1345822_YES
1770925200,2026-02-12 19:40:00,12,1308.01,39.41833,0.030136107522090692,3.284860833333333,,,0.0,0.0,,0.0,,,,0.0,,-0.0,,1345822_YES.csv,1345822_YES
1770925260,2026-02-12 19:41:00,4,675.894284,17.667499,0.026139441356740106,4.41687475,,,0.0,0.0,,0.0,,,,0.0,,-0.0,,1345822_YES.csv,1345822_YES
1770925320,2026-02-12 19:42:00,1,355.703702,9.449999,0.02656705270943011,9.449999,,,0.0,0.0,,0.0,,,,0.0,,-0.0,,1345822_YES.csv,1345822_YES
1770925560,2026-02-12 19:46:00,2,276.0,8.004000000000001,0.028999999999894933,4.002000000000001,,,0.0,0.0,,0.0,,,,0.0,,-0.0,,1345822_YES.csv,1345822_YES
1770925860,2026-02-12 19:51:00,1,6.0,0.168,0.027999999995333334,0.168,,,0.0,0.0,,0.0,,,,0.0,,-0.0,,1345822_YES.csv,1345822_YES
1770925920,2026-02-12 19:52:00,2,373.482757,10.152999000000001,0.02718465259688767,5.076499500000001,,,0.0,0.0,,0.0,,,,0.0,,-0.0,,1345822_YES.csv,1345822_YES
1770926040,2026-02-12 19:54:00,1,37.037036,1.0,0.027000000755271,1.0,,,0.0,0.0,,0.0,,,,0.0,,-0.0,,1345822_YES.csv,1345822_YES
1770926160,2026-02-12 19:56:00,3,209.62,5.240500000000001,0.024999999999880743,1.7468333333333337,,,0.0,0.0,,0.0,,,,0.0,,-0.0,,1345822_YES.csv,1345822_YES
1770926220,2026-02-12 19:57:00,1,34.482757,0.999999,0.028999972362157705,0.999999,,,0.0,0.0,,0.0,,,,0.0,,-0.0,,1345822_YES.csv,1345822_YES
1770926460,2026-02-12 20:01:00,1,79.0,1.975,0.024999999999683543,1.975,,,0.0,0.0,,0.0,,,,0.0,,-0.0,,1345822_YES.csv,1345822_YES
1770926520,2026-02-12 20:02:00,1,38.461537,0.999999,0.025999974987323003,0.999999,,,0.0,0.0,,0.0,,,,0.0,,-0.0,,1345822_YES.csv,1345822_YES
1770926640,2026-02-12 20:04:00,1,69.76,1.53472,0.021999999999684633,1.53472,,,0.0,0.0,,0.0,,,,0.0,,-0.0,,1345822_YES.csv,1345822_YES
1770926820,2026-02-12 20:07:00,2,79.88633200000001,2.169999,0.027163582876390355,1.0849995,,,0.0,0.0,,0.0,,,,0.0,,-0.0,,1345822_YES.csv,1345822_YES
1770927000,2026-02-12 20:10:00,5,238.92000000000002,5.06132,0.021184162062526435,1.012264,,,0.0,0.0,,0.0,,,,0.0,,-0.0,,1345822_YES.csv,1345822_YES
1770927120,2026-02-12 20:12:00,2,600.0,12.0,0.019999999999966666,6.0,,,0.0,0.0,,0.0,,,,0.0,,-0.0,,1345822_YES.csv,1345822_YES
1770927240,2026-02-12 20:14:00,2,192.0,3.84,0.019999999999895834,1.92,,,0.0,0.0,,0.0,,,,0.0,,-0.0,,1345822_YES.csv,1345822_YES
1770927480,2026-02-12 20:18:00,1,160.0,3.3600000000000003,0.020999999999868752,3.3600000000000003,,,0.0,0.0,,0.0,,,,0.0,,-0.0,,1345822_YES.csv,1345822_YES
1770927600,2026-02-12 20:20:00,1,700.0,14.9,0.021285714285683793,14.9,,,0.0,0.0,,0.0,,,,0.0,,-0.0,,1345822_YES.csv,1345822_YES
1770927660,2026-02-12 20:21:00,3,170.0,3.2299999999999995,0.018999999999888235,1.0766666666666664,,,0.0,0.0,,0.0,,,,0.0,,-0.0,,1345822_YES.csv,1345822_YES
1770927720,2026-02-12 20:22:00,1,47.090909,1.0,0.021235521276065452,1.0,,,0.0,0.0,,0.0,,,,0.0,,-0.0,,1345822_YES.csv,1345822_YES
1770927780,2026-02-12 20:23:00,2,276.0,5.244,0.01899999999993116,2.622,,,0.0,0.0,,0.0,,,,0.0,,-0.0,,1345822_YES.csv,1345822_YES
1770927900,2026-02-12 20:25:00,4,453.0,8.824,0.019479028697528745,2.206,,,0.0,0.0,,0.0,,,,0.0,,-0.0,,1345822_YES.csv,1345822_YES
1770928860,2026-02-12 20:41:00,2,265.0,5.085,0.01918867924521061,2.5425,,,0.0,0.0,,0.0,,,,0.0,,-0.0,,1345822_YES.csv,1345822_YES
1770928920,2026-02-12 20:42:00,1,86.01,1.63419,0.018999999999779093,1.63419,,,0.0,0.0,,0.0,,,,0.0,,-0.0,,1345822_YES.csv,1345822_YES
1770929220,2026-02-12 20:47:00,1,149.0,2.5330000000000004,0.01699999999988591,2.5330000000000004,,,0.0,0.0,,0.0,,,,0.0,,-0.0,,1345822_YES.csv,1345822_YES
1770929340,2026-02-12 20:49:00,1,149.0,2.5330000000000004,0.01699999999988591,2.5330000000000004,,,0.0,0.0,,0.0,,,,0.0,,-0.0,,1345822_YES.csv,1345822_YES
1770929400,2026-02-12 20:50:00,8,845.0,13.520000000000001,0.015999999999981068,1.6900000000000002,,,0.0,0.0,,0.0,,,,0.0,,-0.0,,1345822_YES.csv,1345822_YES
1770929640,2026-02-12 20:54:00,1,105.263156,1.999999,0.0189999908418193,1.999999,,,0.0,0.0,,0.0,,,,0.0,,-0.0,,1345822_YES.csv,1345822_YES
1770930180,2026-02-12 21:03:00,1,150.0,2.85,0.018999999999873337,2.85,,,0.0,0.0,,0.0,,,,0.0,,-0.0,,1345822_YES.csv,1345822_YES
1770930240,2026-02-12 21:04:00,1,675.81,13.5162,0.019999999999970406,13.5162,,,0.0,0.0,,0.0,,,,0.0,,-0.0,,1345822_YES.csv,1345822_YES
1770930300,2026-02-12 21:05:00,2,248.333333,4.47,0.01800000002408858,2.235,,,0.0,0.0,,0.0,,,,0.0,,-0.0,,1345822_YES.csv,1345822_YES
1770930360,2026-02-12 21:06:00,1,95.23,1.8446,0.019369946445244396,1.8446,,,0.0,0.0,,0.0,,,,0.0,,-0.0,,1345822_YES.csv,1345822_YES
1770930600,2026-02-12 21:10:00,3,350.0,6.65,0.018999999999945713,2.216666666666667,,,0.0,0.0,,0.0,,,,0.0,,-0.0,,1345822_YES.csv,1345822_YES
1770930720,2026-02-12 21:12:00,1,5.0,0.09,0.0179999999964,0.09,,,0.0,0.0,,0.0,,,,0.0,,-0.0,,1345822_YES.csv,1345822_YES
1770930780,2026-02-12 21:13:00,2,11.2,0.2015999999999998,0.017999999998392857,0.1007999999999999,,,0.0,0.0,,0.0,,,,0.0,,-0.0,,1345822_YES.csv,1345822_YES
1770930840,2026-02-12 21:14:00,1,26.57,0.4782599999999999,0.017999999999322544,0.4782599999999999,,,0.0,0.0,,0.0,,,,0.0,,-0.0,,1345822_YES.csv,1345822_YES
1770931080,2026-02-12 21:18:00,2,52.619046,1.094999,0.020809936386516577,0.5474995,,,0.0,0.0,,0.0,,,,0.0,,-0.0,,1345822_YES.csv,1345822_YES
1770931320,2026-02-12 21:22:00,2,150.0,2.55,0.01699999999988667,1.275,,,0.0,0.0,,0.0,,,,0.0,,-0.0,,1345822_YES.csv,1345822_YES
1770931680,2026-02-12 21:28:00,1,51.0,1.02,0.019999999999607845,1.02,,,0.0,0.0,,0.0,,,,0.0,,-0.0,,1345822_YES.csv,1345822_YES
1770931740,2026-02-12 21:29:00,2,131.578946,2.56,0.019456000202194536,1.28,,,0.0,0.0,,0.0,,,,0.0,,-0.0,,1345822_YES.csv,1345822_YES
1770931800,2026-02-12 21:30:00,4,630.0,11.34,0.017999999999971428,2.835,,,0.0,0.0,,0.0,,,,0.0,,-0.0,,1345822_YES.csv,1345822_YES
1770931920,2026-02-12 21:32:00,1,88.0,1.584,0.01799999999979545,1.584,,,0.0,0.0,,0.0,,,,0.0,,-0.0,,1345822_YES.csv,1345822_YES
1770932460,2026-02-12 21:41:00,1,516.992379,9.999999,0.019342642959888984,9.999999,,,0.0,0.0,,0.0,,,,0.0,,-0.0,,1345822_YES.csv,1345822_YES
1770932640,2026-02-12 21:44:00,2,299.69,6.29349,0.02099999999992993,3.146745,,,0.0,0.0,,0.0,,,,0.0,,-0.0,,1345822_YES.csv,1345822_YES
1770933000,2026-02-12 21:50:00,2,2065.6,51.4,0.024883810999213316,25.7,,,0.0,0.0,,0.0,,,,0.0,,-0.0,,1345822_YES.csv,1345822_YES
1770933060,2026-02-12 21:51:00,1,612.666665,17.779998999999997,0.029020673093044735,17.779998999999997,,,0.0,0.0,,0.0,,,,0.0,,-0.0,,1345822_YES.csv,1345822_YES
1770933300,2026-02-12 21:55:00,4,289.43,8.3629,0.0288943786061262,2.090725,,,0.0,0.0,,0.0,,,,0.0,,-0.0,,1345822_YES.csv,1345822_YES
1770933360,2026-02-12 21:56:00,1,100.0,3.0,0.0299999999997,3.0,,,0.0,0.0,,0.0,,,,0.0,,-0.0,,1345822_YES.csv,1345822_YES
1770933420,2026-02-12 21:57:00,1,5230.0,130.75,0.024999999999995217,130.75,,,0.0,0.0,,0.0,,,,0.0,,-0.0,,1345822_YES.csv,1345822_YES
1770934080,2026-02-12 22:08:00,1,118.365383,2.999999,0.025345239663311474,2.999999,,,0.0,0.0,,0.0,,,,0.0,,-0.0,,1345822_YES.csv,1345822_YES
1770934560,2026-02-12 22:16:00,1,41.666665,0.999999,0.023999976959423002,0.999999,,,0.0,0.0,,0.0,,,,0.0,,-0.0,,1345822_YES.csv,1345822_YES
1770935100,2026-02-12 22:25:00,1,44.0,1.056,0.023999999999454548,1.056,,,0.0,0.0,,0.0,,,,0.0,,-0.0,,1345822_YES.csv,1345822_YES
1770935520,2026-02-12 22:32:00,1,0.75,0.015,0.019999999973333335,0.015,,,0.0,0.0,,0.0,,,,0.0,,-0.0,,1345822_YES.csv,1345822_YES
1770935700,2026-02-12 22:35:00,2,0.74,0.0148,0.019999999972972974,0.0074,,,0.0,0.0,,0.0,,,,0.0,,-0.0,,1345822_YES.csv,1345822_YES
1770935820,2026-02-12 22:37:00,1,82.29,1.6458000000000002,0.019999999999756955,1.6458000000000002,,,0.0,0.0,,0.0,,,,0.0,,-0.0,,1345822_YES.csv,1345822_YES
1770936420,2026-02-12 22:47:00,5,1342.70146,37.849999,0.028189437583520403,7.5699998,,,0.0,0.0,,0.0,,,,0.0,,-0.0,,1345822_YES.csv,1345822_YES
1770936720,2026-02-12 22:52:00,1,375.0,9.0,0.023999999999936,9.0,,,0.0,0.0,,0.0,,,,0.0,,-0.0,,1345822_YES.csv,1345822_YES
1770937080,2026-02-12 22:58:00,1,306.21,7.34904,0.023999999999921622,7.34904,,,0.0,0.0,,0.0,,,,0.0,,-0.0,,1345822_YES.csv,1345822_YES
1770937200,2026-02-12 23:00:00,1,476.0,11.9,0.02499999999994748,11.9,,,0.0,0.0,,0.0,,,,0.0,,-0.0,,1345822_YES.csv,1345822_YES
1770937260,2026-02-12 23:01:00,3,476.93,11.92325,0.02499999999994758,3.9744166666666665,,,0.0,0.0,,0.0,,,,0.0,,-0.0,,1345822_YES.csv,1345822_YES
1770937380,2026-02-12 23:03:00,2,1297.717271,35.470499000000004,0.02733299447624642,17.735249500000002,,,0.0,0.0,,0.0,,,,0.0,,-0.0,,1345822_YES.csv,1345822_YES
1770937500,2026-02-12 23:05:00,1,114.090909,5.0,0.04382470122975508,5.0,,,0.0,0.0,,0.0,,,,0.0,,-0.0,,1345822_YES.csv,1345822_YES
1770937860,2026-02-12 23:11:00,2,245.0,7.44,0.030367346938651563,3.72,,,0.0,0.0,,0.0,,,,0.0,,-0.0,,1345822_YES.csv,1345822_YES
1770937980,2026-02-12 23:13:00,1,1132.87,40.73832,0.03596027787827726,40.73832,,,0.0,0.0,,0.0,,,,0.0,,-0.0,,1345822_YES.csv,1345822_YES
1770938880,2026-02-12 23:28:00,1,4.5,0.1169999999999999,0.02599999999422222,0.1169999999999999,,,0.0,0.0,,0.0,,,,0.0,,-0.0,,1345822_YES.csv,1345822_YES
1770939120,2026-02-12 23:32:00,1,333.708332,9.999999,0.029966285049095005,9.999999,,,0.0,0.0,,0.0,,,,0.0,,-0.0,,1345822_YES.csv,1345822_YES
1770940140,2026-02-12 23:49:00,2,569.0,14.974,0.02631634446392563,7.487,,,0.0,0.0,,0.0,,,,0.0,,-0.0,,1345822_YES.csv,1345822_YES
1770940200,2026-02-12 23:50:00,2,900.900688,23.937499,0.02657063016914176,11.9687495,,,0.0,0.0,,0.0,,,,0.0,,-0.0,,1345822_YES.csv,1345822_YES
1770940620,2026-02-12 23:57:00,1,23.3,0.3262,0.01399999999939914,0.3262,,,0.0,0.0,,0.0,,,,0.0,,-0.0,,1345822_YES.csv,1345822_YES
1770940920,2026-02-13 00:02:00,4,274.724136,6.985999,0.02542914176268286,1.74649975,,,0.0,0.0,,0.0,,,,0.0,,-0.0,,1345822_YES.csv,1345822_YES
1770941160,2026-02-13 00:06:00,2,670.712961,18.099999,0.02698620729348483,9.0499995,,,0.0,0.0,,0.0,,,,0.0,,-0.0,,1345822_YES.csv,1345822_YES
1770941220,2026-02-13 00:07:00,1,185.185184,4.999999999999999,0.0270000001726542,4.999999999999999,,,0.0,0.0,,0.0,,,,0.0,,-0.0,,1345822_YES.csv,1345822_YES
1770941340,2026-02-13 00:09:00,1,180.0,3.96,0.02199999999987778,3.96,,,0.0,0.0,,0.0,,,,0.0,,-0.0,,1345822_YES.csv,1345822_YES
1770941400,2026-02-13 00:10:00,1,458.290714,12.65,0.027602566697374473,12.65,,,0.0,0.0,,0.0,,,,0.0,,-0.0,,1345822_YES.csv,1345822_YES
1770942600,2026-02-13 00:30:00,1,250.0,5.0,0.019999999999920002,5.0,,,0.0,0.0,,0.0,,,,0.0,,-0.0,,1345822_YES.csv,1345822_YES
1770943980,2026-02-13 00:53:00,1,958.9635,19.15,0.019969477461842876,19.15,,,0.0,0.0,,0.0,,,,0.0,,-0.0,,1345822_YES.csv,1345822_YES
1770944160,2026-02-13 00:56:00,1,100.0,2.0,0.0199999999998,2.0,,,0.0,0.0,,0.0,,,,0.0,,-0.0,,1345822_YES.csv,1345822_YES
1770944700,2026-02-13 01:05:00,1,252.7495,4.99,0.019742867938335188,4.99,,,0.0,0.0,,0.0,,,,0.0,,-0.0,,1345822_YES.csv,1345822_YES
1770944820,2026-02-13 01:07:00,2,200.0,3.5999999999999996,0.017999999999909998,1.7999999999999998,,,0.0,0.0,,0.0,,,,0.0,,-0.0,,1345822_YES.csv,1345822_YES
1770944880,2026-02-13 01:08:00,3,300.0,5.3999999999999995,0.017999999999939998,1.7999999999999998,,,0.0,0.0,,0.0,,,,0.0,,-0.0,,1345822_YES.csv,1345822_YES
1770945120,2026-02-13 01:12:00,3,215.0,3.7949999999999995,0.017651162790615578,1.265,,,0.0,0.0,,0.0,,,,0.0,,-0.0,,1345822_YES.csv,1345822_YES
1770945300,2026-02-13 01:15:00,3,615.555554,11.539999000000002,0.018747290841569193,3.8466663333333337,,,0.0,0.0,,0.0,,,,0.0,,-0.0,,1345822_YES.csv,1345822_YES
1770946080,2026-02-13 01:28:00,1,5355.0,91.035,0.016999999999996827,91.035,,,0.0,0.0,,0.0,,,,0.0,,-0.0,,1345822_YES.csv,1345822_YES
1770946320,2026-02-13 01:32:00,2,10264.993528,174.50489000000002,0.017000000002336386,87.25244500000001,,,0.0,0.0,,0.0,,,,0.0,,-0.0,,1345822_YES.csv,1345822_YES
1770946740,2026-02-13 01:39:00,1,66.94,1.2049199999999998,0.0179999999997311,1.2049199999999998,,,0.0,0.0,,0.0,,,,0.0,,-0.0,,1345822_YES.csv,1345822_YES
1770946860,2026-02-13 01:41:00,2,332.0,6.64,0.01999999999993976,3.32,,,0.0,0.0,,0.0,,,,0.0,,-0.0,,1345822_YES.csv,1345822_YES
1770946920,2026-02-13 01:42:00,1,57.0,1.14,0.019999999999649125,1.14,,,0.0,0.0,,0.0,,,,0.0,,-0.0,,1345822_YES.csv,1345822_YES
1770946980,2026-02-13 01:43:00,1,300.0,4.5,0.014999999999950001,4.5,,,0.0,0.0,,0.0,,,,0.0,,-0.0,,1345822_YES.csv,1345822_YES
1770947100,2026-02-13 01:45:00,4,1637.0,31.9,0.019486866218680808,7.975,,,0.0,0.0,,0.0,,,,0.0,,-0.0,,1345822_YES.csv,1345822_YES
1770947460,2026-02-13 01:51:00,1,7729.0,162.309,0.02099999999999728,162.309,,,0.0,0.0,,0.0,,,,0.0,,-0.0,,1345822_YES.csv,1345822_YES
1770947520,2026-02-13 01:52:00,2,201.818178,4.399998,0.021801792304250174,2.199999,,,0.0,0.0,,0.0,,,,0.0,,-0.0,,1345822_YES.csv,1345822_YES
1770947580,2026-02-13 01:53:00,2,929.109088,19.999998,0.021525995449070936,9.999999,,,0.0,0.0,,0.0,,,,0.0,,-0.0,,1345822_YES.csv,1345822_YES
1770947700,2026-02-13 01:55:00,4,1270.14869,27.759998,0.02185570730303871,6.9399995,,,0.0,0.0,,0.0,,,,0.0,,-0.0,,1345822_YES.csv,1345822_YES
1770947940,2026-02-13 01:59:00,2,5148.0,87.516,0.0169999999999967,43.758,,,0.0,0.0,,0.0,,,,0.0,,-0.0,,1345822_YES.csv,1345822_YES
1770948180,2026-02-13 02:03:00,2,400.0,9.16,0.02289999999994275,4.58,,,0.0,0.0,,0.0,,,,0.0,,-0.0,,1345822_YES.csv,1345822_YES
1770948300,2026-02-13 02:05:00,2,72.0,1.44,0.01999999999972222,0.72,,,0.0,0.0,,0.0,,,,0.0,,-0.0,,1345822_YES.csv,1345822_YES
1770948360,2026-02-13 02:06:00,2,96.347824,2.0,0.020758123193101247,1.0,,,0.0,0.0,,0.0,,,,0.0,,-0.0,,1345822_YES.csv,1345822_YES
1770948480,2026-02-13 02:08:00,2,20628.0,350.67600000000004,0.01699999999999918,175.33800000000002,,,0.0,0.0,,0.0,,,,0.0,,-0.0,,1345822_YES.csv,1345822_YES
1770949500,2026-02-13 02:25:00,2,742.956518,16.059998,0.021616336368124205,8.029999,,,0.0,0.0,,0.0,,,,0.0,,-0.0,,1345822_YES.csv,1345822_YES
1770950940,2026-02-13 02:49:00,2,113.68421,2.0,0.01759259267388495,1.0,,,0.0,0.0,,0.0,,,,0.0,,-0.0,,1345822_YES.csv,1345822_YES
1770951120,2026-02-13 02:52:00,4,10122.095236,202.56,0.020011667078527376,50.64,,,0.0,0.0,,0.0,,,,0.0,,-0.0,,1345822_YES.csv,1345822_YES
1770951420,2026-02-13 02:57:00,1,501.0,10.02,0.01999999999996008,10.02,,,0.0,0.0,,0.0,,,,0.0,,-0.0,,1345822_YES.csv,1345822_YES
1770951540,2026-02-13 02:59:00,1,47.619046,0.999999,0.0209999797135583,0.999999,,,0.0,0.0,,0.0,,,,0.0,,-0.0,,1345822_YES.csv,1345822_YES
1770951720,2026-02-13 03:02:00,1,45.767825,1.0,0.021849410584360303,1.0,,,0.0,0.0,,0.0,,,,0.0,,-0.0,,1345822_YES.csv,1345822_YES
1770951780,2026-02-13 03:03:00,1,50.0,1.0,0.0199999999996,1.0,,,0.0,0.0,,0.0,,,,0.0,,-0.0,,1345822_YES.csv,1345822_YES
1770951840,2026-02-13 03:04:00,1,43.478259,0.999999,0.02299997798847,0.999999,,,0.0,0.0,,0.0,,,,0.0,,-0.0,,1345822_YES.csv,1345822_YES
1770952020,2026-02-13 03:07:00,1,10.0,0.15,0.0149999999985,0.15,,,0.0,0.0,,0.0,,,,0.0,,-0.0,,1345822_YES.csv,1345822_YES
1770952200,2026-02-13 03:10:00,3,857.96,11.595479999999998,0.013515175532643111,3.8651599999999995,,,0.0,0.0,,0.0,,,,0.0,,-0.0,,1345822_YES.csv,1345822_YES
1770952380,2026-02-13 03:13:00,1,65.625,1.0,0.015238095237862999,1.0,,,0.0,0.0,,0.0,,,,0.0,,-0.0,,1345822_YES.csv,1345822_YES
1770952620,2026-02-13 03:17:00,1,66.666665,0.999999,0.014999985374774599,0.999999,,,0.0,0.0,,0.0,,,,0.0,,-0.0,,1345822_YES.csv,1345822_YES
1770953160,2026-02-13 03:26:00,2,499.31,7.489649999999999,0.014999999999969958,3.7448249999999996,,,0.0,0.0,,0.0,,,,0.0,,-0.0,,1345822_YES.csv,1345822_YES
1770955500,2026-02-13 04:05:00,2,1249.7,14.996400000000001,0.011999999999990399,7.498200000000001,,,0.0,0.0,,0.0,,,,0.0,,-0.0,,1345822_YES.csv,1345822_YES
1770955680,2026-02-13 04:08:00,1,763.36111,10.0,0.013099959991394938,10.0,,,0.0,0.0,,0.0,,,,0.0,,-0.0,,1345822_YES.csv,1345822_YES
1770956100,2026-02-13 04:15:00,1,15.0,0.1949999999999999,0.012999999999133332,0.1949999999999999,,,0.0,0.0,,0.0,,,,0.0,,-0.0,,1345822_YES.csv,1345822_YES
1770956340,2026-02-13 04:19:00,2,1541.952221,19.115360000000003,0.012396856231764886,9.557680000000001,,,0.0,0.0,,0.0,,,,0.0,,-0.0,,1345822_YES.csv,1345822_YES
1770956520,2026-02-13 04:22:00,1,90.0,0.99,0.010999999999877778,0.99,,,0.0,0.0,,0.0,,,,0.0,,-0.0,,1345822_YES.csv,1345822_YES
1770956640,2026-02-13 04:24:00,1,421.071428,5.8500000000000005,0.013893129789813406,5.8500000000000005,,,0.0,0.0,,0.0,,,,0.0,,-0.0,,1345822_YES.csv,1345822_YES
1770956940,2026-02-13 04:29:00,1,421.07,4.63177,0.010999999999973876,4.63177,,,0.0,0.0,,0.0,,,,0.0,,-0.0,,1345822_YES.csv,1345822_YES
1770957000,2026-02-13 04:30:00,1,100.0,1.5,0.01499999999985,1.5,,,0.0,0.0,,0.0,,,,0.0,,-0.0,,1345822_YES.csv,1345822_YES
1770957240,2026-02-13 04:34:00,5,461.0,6.605,0.01432754880691035,1.3210000000000002,,,0.0,0.0,,0.0,,,,0.0,,-0.0,,1345822_YES.csv,1345822_YES
1770957300,2026-02-13 04:35:00,1,316.0,3.476,0.01099999999996519,3.476,,,0.0,0.0,,0.0,,,,0.0,,-0.0,,1345822_YES.csv,1345822_YES
1770957660,2026-02-13 04:41:00,2,8.92,0.09812,0.010999999998766816,0.04906,,,0.0,0.0,,0.0,,,,0.0,,-0.0,,1345822_YES.csv,1345822_YES
1770957840,2026-02-13 04:44:00,2,3047.29,30.4729,0.009999999999996718,15.23645,,,0.0,0.0,,0.0,,,,0.0,,-0.0,,1345822_YES.csv,1345822_YES
1770958140,2026-02-13 04:49:00,1,80.0,0.72,0.008999999999887499,0.72,,,0.0,0.0,,0.0,,,,0.0,,-0.0,,1345822_YES.csv,1345822_YES
1770958860,2026-02-13 05:01:00,1,384.615384,5.0,0.0130000000207662,5.0,,,0.0,0.0,,0.0,,,,0.0,,-0.0,,1345822_YES.csv,1345822_YES
1770959220,2026-02-13 05:07:00,1,642.82,5.63049,0.008759046078204174,5.63049,,,0.0,0.0,,0.0,,,,0.0,,-0.0,,1345822_YES.csv,1345822_YES
1770959580,2026-02-13 05:13:00,2,1340.94,17.43222,0.012999999999990306,8.71611,,,0.0,0.0,,0.0,,,,0.0,,-0.0,,1345822_YES.csv,1345822_YES
1770961500,2026-02-13 05:45:00,1,99.0,1.089,0.010999999999888889,1.089,,,0.0,0.0,,0.0,,,,0.0,,-0.0,,1345822_YES.csv,1345822_YES
1770961560,2026-02-13 05:46:00,2,931.71,14.2422,0.01528608687250822,7.1211,,,0.0,0.0,,0.0,,,,0.0,,-0.0,,1345822_YES.csv,1345822_YES
1770962340,2026-02-13 05:59:00,2,190.47714100000002,1.9999989999999999,0.010499942352607507,0.9999994999999999,,,0.0,0.0,,0.0,,,,0.0,,-0.0,,1345822_YES.csv,1345822_YES
1770962520,2026-02-13 06:02:00,2,153.84615,1.999998,0.012999987324915101,0.999999,,,0.0,0.0,,0.0,,,,0.0,,-0.0,,1345822_YES.csv,1345822_YES
1770962580,2026-02-13 06:03:00,1,216.86357,3.0,0.013833582099502311,3.0,,,0.0,0.0,,0.0,,,,0.0,,-0.0,,1345822_YES.csv,1345822_YES
1770963180,2026-02-13 06:13:00,1,310.0,4.03,0.012999999999958066,4.03,,,0.0,0.0,,0.0,,,,0.0,,-0.0,,1345822_YES.csv,1345822_YES
1770963540,2026-02-13 06:19:00,1,1800.89941,24.999999,0.013881951907567093,24.999999,,,0.0,0.0,,0.0,,,,0.0,,-0.0,,1345822_YES.csv,1345822_YES
1770964260,2026-02-13 06:31:00,1,950.0,10.0,0.01052631578946252,10.0,,,0.0,0.0,,0.0,,,,0.0,,-0.0,,1345822_YES.csv,1345822_YES
1770964380,2026-02-13 06:33:00,1,416.666666,5.0,0.0120000000191712,5.0,,,0.0,0.0,,0.0,,,,0.0,,-0.0,,1345822_YES.csv,1345822_YES
1770964500,2026-02-13 06:35:00,1,156.41,2.0,0.012786906207961147,2.0,,,0.0,0.0,,0.0,,,,0.0,,-0.0,,1345822_YES.csv,1345822_YES
1770965520,2026-02-13 06:52:00,1,1524.200625,20.0,0.01312163219982069,20.0,,,0.0,0.0,,0.0,,,,0.0,,-0.0,,1345822_YES.csv,1345822_YES
1770965580,2026-02-13 06:53:00,1,963.797646,15.0,0.015563432907559053,15.0,,,0.0,0.0,,0.0,,,,0.0,,-0.0,,1345822_YES.csv,1345822_YES
1770966000,2026-02-13 07:00:00,1,200.0,2.7,0.013499999999932502,2.7,,,0.0,0.0,,0.0,,,,0.0,,-0.0,,1345822_YES.csv,1345822_YES
1770966180,2026-02-13 07:03:00,1,71.42857,1.0,0.014000000279803998,1.0,,,0.0,0.0,,0.0,,,,0.0,,-0.0,,1345822_YES.csv,1345822_YES
1770966540,2026-02-13 07:09:00,1,292.495713,4.000000000000001,0.013675414107646448,4.000000000000001,,,0.0,0.0,,0.0,,,,0.0,,-0.0,,1345822_YES.csv,1345822_YES
1770966840,2026-02-13 07:14:00,1,78.007691,1.0,0.012819248809545967,1.0,,,0.0,0.0,,0.0,,,,0.0,,-0.0,,1345822_YES.csv,1345822_YES
1770967020,2026-02-13 07:17:00,1,72.999284,0.999999,0.013698750798518743,0.999999,,,0.0,0.0,,0.0,,,,0.0,,-0.0,,1345822_YES.csv,1345822_YES
1770967680,2026-02-13 07:28:00,1,179.99,3.5998,0.019999999999888884,3.5998,,,0.0,0.0,,0.0,,,,0.0,,-0.0,,1345822_YES.csv,1345822_YES
1770967740,2026-02-13 07:29:00,1,456.363635,10.0,0.021912350663036685,10.0,,,0.0,0.0,,0.0,,,,0.0,,-0.0,,1345822_YES.csv,1345822_YES
1770968160,2026-02-13 07:36:00,1,52.631577,0.999999,0.0189999817026383,0.999999,,,0.0,0.0,,0.0,,,,0.0,,-0.0,,1345822_YES.csv,1345822_YES
1770968820,2026-02-13 07:47:00,1,10.0,0.13,0.012999999998700001,0.13,,,0.0,0.0,,0.0,,,,0.0,,-0.0,,1345822_YES.csv,1345822_YES
1770970380,2026-02-13 08:13:00,2,906.2171410000001,11.166269000000002,0.01232184704392792,5.583134500000001,,,0.0,0.0,,0.0,,,,0.0,,-0.0,,1345822_YES.csv,1345822_YES
1770971340,2026-02-13 08:29:00,1,500.0,6.5,0.012999999999974001,6.5,,,0.0,0.0,,0.0,,,,0.0,,-0.0,,1345822_YES.csv,1345822_YES
1770971700,2026-02-13 08:35:00,1,230.769229,2.999999,0.012999995766276966,2.999999,,,0.0,0.0,,0.0,,,,0.0,,-0.0,,1345822_YES.csv,1345822_YES
1770972480,2026-02-13 08:48:00,1,676.0,8.112,0.011999999999982249,8.112,,,0.0,0.0,,0.0,,,,0.0,,-0.0,,1345822_YES.csv,1345822_YES
1770972540,2026-02-13 08:49:00,1,210.99,2.32089,0.010999999999947864,2.32089,,,0.0,0.0,,0.0,,,,0.0,,-0.0,,1345822_YES.csv,1345822_YES
1770973020,2026-02-13 08:57:00,1,83.333332,1.0,0.012000000191855998,1.0,,,0.0,0.0,,0.0,,,,0.0,,-0.0,,1345822_YES.csv,1345822_YES
1770973380,2026-02-13 09:03:00,1,400.0,4.4,0.010999999999972499,4.4,,,0.0,0.0,,0.0,,,,0.0,,-0.0,,1345822_YES.csv,1345822_YES
1770973620,2026-02-13 09:07:00,1,100.0,1.2,0.011999999999879999,1.2,,,0.0,0.0,,0.0,,,,0.0,,-0.0,,1345822_YES.csv,1345822_YES
1770973680,2026-02-13 09:08:00,2,3979.21,47.75052,0.011999999999996985,23.87526,,,0.0,0.0,,0.0,,,,0.0,,-0.0,,1345822_YES.csv,1345822_YES
1770973800,2026-02-13 09:10:00,1,400.0,5.2,0.012999999999967501,5.2,,,0.0,0.0,,0.0,,,,0.0,,-0.0,,1345822_YES.csv,1345822_YES
1770973920,2026-02-13 09:12:00,2,3347.001537,43.51102,0.013000000005672838,21.75551,,,0.0,0.0,,0.0,,,,0.0,,-0.0,,1345822_YES.csv,1345822_YES
1770974700,2026-02-13 09:25:00,1,100.0,1.3,0.01299999999987,1.3,,,0.0,0.0,,0.0,,,,0.0,,-0.0,,1345822_YES.csv,1345822_YES
1770975300,2026-02-13 09:35:00,1,100.0,1.3,0.01299999999987,1.3,,,0.0,0.0,,0.0,,,,0.0,,-0.0,,1345822_YES.csv,1345822_YES
1770975540,2026-02-13 09:39:00,1,76.923075,0.999999,0.0129999873248306,0.999999,,,0.0,0.0,,0.0,,,,0.0,,-0.0,,1345822_YES.csv,1345822_YES
1770975840,2026-02-13 09:44:00,1,715.93357,10.0,0.013967776367835392,10.0,,,0.0,0.0,,0.0,,,,0.0,,-0.0,,1345822_YES.csv,1345822_YES
1770976140,2026-02-13 09:49:00,1,1807.63125,27.0,0.014936674722781536,27.0,,,0.0,0.0,,0.0,,,,0.0,,-0.0,,1345822_YES.csv,1345822_YES
1770976320,2026-02-13 09:52:00,1,117.647057,1.9999990000000003,0.0169999917633553,1.9999990000000003,,,0.0,0.0,,0.0,,,,0.0,,-0.0,,1345822_YES.csv,1345822_YES
1770976500,2026-02-13 09:55:00,1,115.384614,1.5,0.013000000155887334,1.5,,,0.0,0.0,,0.0,,,,0.0,,-0.0,,1345822_YES.csv,1345822_YES
1770976620,2026-02-13 09:57:00,1,307.692306,4.0,0.01300000007145775,4.0,,,0.0,0.0,,0.0,,,,0.0,,-0.0,,1345822_YES.csv,1345822_YES
1770976680,2026-02-13 09:58:00,1,615.384615,8.0,0.013000000008103875,8.0,,,0.0,0.0,,0.0,,,,0.0,,-0.0,,1345822_YES.csv,1345822_YES
1770977100,2026-02-13 10:05:00,1,1108.720554,15.999999,0.014431047518927384,15.999999,,,0.0,0.0,,0.0,,,,0.0,,-0.0,,1345822_YES.csv,1345822_YES
1770977460,2026-02-13 10:11:00,1,58.823529,1.0,0.017000000118711,1.0,,,0.0,0.0,,0.0,,,,0.0,,-0.0,,1345822_YES.csv,1345822_YES
1770977640,2026-02-13 10:14:00,10,40000.0,600.0,0.014999999999999626,60.0,,,0.0,0.0,,0.0,,,,0.0,,-0.0,,1345822_YES.csv,1345822_YES
1770977700,2026-02-13 10:15:00,1,242.342776,3.999999,0.016505542545998893,3.999999,,,0.0,0.0,,0.0,,,,0.0,,-0.0,,1345822_YES.csv,1345822_YES
1770978120,2026-02-13 10:22:00,1,1807.63,22.47565,0.012433766865999922,22.47565,,,0.0,0.0,,0.0,,,,0.0,,-0.0,,1345822_YES.csv,1345822_YES
1770978660,2026-02-13 10:31:00,1,1116.666665,19.999999,0.01791044689238756,19.999999,,,0.0,0.0,,0.0,,,,0.0,,-0.0,,1345822_YES.csv,1345822_YES
1770978720,2026-02-13 10:32:00,1,111.111111,2.0,0.018000000017837997,2.0,,,0.0,0.0,,0.0,,,,0.0,,-0.0,,1345822_YES.csv,1345822_YES
1770978840,2026-02-13 10:34:00,2,222.222222,4.0,0.018000000017918998,2.0,,,0.0,0.0,,0.0,,,,0.0,,-0.0,,1345822_YES.csv,1345822_YES
1770978900,2026-02-13 10:35:00,2,231.32842,4.0,0.01729143353844158,2.0,,,0.0,0.0,,0.0,,,,0.0,,-0.0,,1345822_YES.csv,1345822_YES
1770979080,2026-02-13 10:38:00,1,443.75,7.0,0.015774647887288353,7.0,,,0.0,0.0,,0.0,,,,0.0,,-0.0,,1345822_YES.csv,1345822_YES
1770979140,2026-02-13 10:39:00,1,557.565788,9.0,0.016141592962988352,9.0,,,0.0,0.0,,0.0,,,,0.0,,-0.0,,1345822_YES.csv,1345822_YES
1770979320,2026-02-13 10:42:00,1,58.823528,1.0,0.017000000407711,1.0,,,0.0,0.0,,0.0,,,,0.0,,-0.0,,1345822_YES.csv,1345822_YES
1770979800,2026-02-13 10:50:00,11,40000.0,600.0,0.014999999999999626,54.54545454545455,,,0.0,0.0,,0.0,,,,0.0,,-0.0,,1345822_YES.csv,1345822_YES
1770979860,2026-02-13 10:51:00,2,769.21,9.99973,0.012999999999983098,4.999865,,,0.0,0.0,,0.0,,,,0.0,,-0.0,,1345822_YES.csv,1345822_YES
1770980040,2026-02-13 10:54:00,1,684.034665,9.999999,0.014619140683440827,9.999999,,,0.0,0.0,,0.0,,,,0.0,,-0.0,,1345822_YES.csv,1345822_YES
1770980400,2026-02-13 11:00:00,1,66.666665,0.999999,0.014999985374774599,0.999999,,,0.0,0.0,,0.0,,,,0.0,,-0.0,,1345822_YES.csv,1345822_YES
1770981300,2026-02-13 11:15:00,1,71.42857,1.0,0.014000000279803998,1.0,,,0.0,0.0,,0.0,,,,0.0,,-0.0,,1345822_YES.csv,1345822_YES
1770981480,2026-02-13 11:18:00,1,290.0,4.0600000000000005,0.013999999999951726,4.0600000000000005,,,0.0,0.0,,0.0,,,,0.0,,-0.0,,1345822_YES.csv,1345822_YES
1770982080,2026-02-13 11:28:00,1,142.857141,1.9999990000000003,0.0139999931819019,1.9999990000000003,,,0.0,0.0,,0.0,,,,0.0,,-0.0,,1345822_YES.csv,1345822_YES
1770982500,2026-02-13 11:35:00,1,2725.2,39.78835,0.014600157786579044,39.78835,,,0.0,0.0,,0.0,,,,0.0,,-0.0,,1345822_YES.csv,1345822_YES
1770982920,2026-02-13 11:42:00,1,1500.0,25.500000000000004,0.01699999999998867,25.500000000000004,,,0.0,0.0,,0.0,,,,0.0,,-0.0,,1345822_YES.csv,1345822_YES
1770983160,2026-02-13 11:46:00,1,55.555554,0.999999,0.017999982503675502,0.999999,,,0.0,0.0,,0.0,,,,0.0,,-0.0,,1345822_YES.csv,1345822_YES
1770983520,2026-02-13 11:52:00,1,135.294116,2.299999,0.016999992815526346,2.299999,,,0.0,0.0,,0.0,,,,0.0,,-0.0,,1345822_YES.csv,1345822_YES
1770983580,2026-02-13 11:53:00,1,70.0,1.1900000000000002,0.016999999999757143,1.1900000000000002,,,0.0,0.0,,0.0,,,,0.0,,-0.0,,1345822_YES.csv,1345822_YES
1770984540,2026-02-13 12:09:00,1,20.0,0.3,0.014999999999249999,0.3,,,0.0,0.0,,0.0,,,,0.0,,-0.0,,1345822_YES.csv,1345822_YES
1770984840,2026-02-13 12:14:00,1,1000.0,16.0,0.015999999999984,16.0,,,0.0,0.0,,0.0,,,,0.0,,-0.0,,1345822_YES.csv,1345822_YES
1770985320,2026-02-13 12:22:00,1,97.5,1.56,0.0159999999998359,1.56,,,0.0,0.0,,0.0,,,,0.0,,-0.0,,1345822_YES.csv,1345822_YES
1770985680,2026-02-13 12:28:00,1,218.66,3.49856,0.015999999999926826,3.49856,,,0.0,0.0,,0.0,,,,0.0,,-0.0,,1345822_YES.csv,1345822_YES
1770985860,2026-02-13 12:31:00,1,58.823528,1.0,0.017000000407711,1.0,,,0.0,0.0,,0.0,,,,0.0,,-0.0,,1345822_YES.csv,1345822_YES
1770986460,2026-02-13 12:41:00,2,366.513528,5.92304,0.016160494899887676,2.96152,,,0.0,0.0,,0.0,,,,0.0,,-0.0,,1345822_YES.csv,1345822_YES
1770986520,2026-02-13 12:42:00,1,117.647057,1.9999990000000003,0.0169999917633553,1.9999990000000003,,,0.0,0.0,,0.0,,,,0.0,,-0.0,,1345822_YES.csv,1345822_YES
1770986580,2026-02-13 12:43:00,2,2463.2,39.411199999999994,0.015999999999993502,19.705599999999997,,,0.0,0.0,,0.0,,,,0.0,,-0.0,,1345822_YES.csv,1345822_YES
1770986940,2026-02-13 12:49:00,3,180.92307499999998,2.143999,0.011850334734738194,0.7146663333333333,,,0.0,0.0,,0.0,,,,0.0,,-0.0,,1345822_YES.csv,1345822_YES
1770987120,2026-02-13 12:52:00,2,166.666664,2.0,0.012000000191928,1.0,,,0.0,0.0,,0.0,,,,0.0,,-0.0,,1345822_YES.csv,1345822_YES
1770987180,2026-02-13 12:53:00,2,385.29999999999995,4.16208,0.010802180119359454,2.08104,,,0.0,0.0,,0.0,,,,0.0,,-0.0,,1345822_YES.csv,1345822_YES
1770987240,2026-02-13 12:54:00,2,254.0,3.048,0.011999999999952757,1.524,,,0.0,0.0,,0.0,,,,0.0,,-0.0,,1345822_YES.csv,1345822_YES
1770987300,2026-02-13 12:55:00,3,2113.95,26.77615,0.012666406490213734,8.925383333333334,,,0.0,0.0,,0.0,,,,0.0,,-0.0,,1345822_YES.csv,1345822_YES
1770987360,2026-02-13 12:56:00,1,384.615383,5.0,0.0130000000545662,5.0,,,0.0,0.0,,0.0,,,,0.0,,-0.0,,1345822_YES.csv,1345822_YES
1770987960,2026-02-13 13:06:00,2,765.748125,11.21,0.014639278418063827,5.605,,,0.0,0.0,,0.0,,,,0.0,,-0.0,,1345822_YES.csv,1345822_YES
1770988140,2026-02-13 13:09:00,2,666.99,8.156880000000001,0.012229388746439635,4.0784400000000005,,,0.0,0.0,,0.0,,,,0.0,,-0.0,,1345822_YES.csv,1345822_YES
1770988200,2026-02-13 13:10:00,1,969.68,10.666479999999998,0.010999999999988654,10.666479999999998,,,0.0,0.0,,0.0,,,,0.0,,-0.0,,1345822_YES.csv,1345822_YES
1770988320,2026-02-13 13:12:00,1,152.307692,1.98,0.013000000026177247,1.98,,,0.0,0.0,,0.0,,,,0.0,,-0.0,,1345822_YES.csv,1345822_YES
1770988740,2026-02-13 13:19:00,1,10.0,0.12,0.0119999999988,0.12,,,0.0,0.0,,0.0,,,,0.0,,-0.0,,1345822_YES.csv,1345822_YES
1770988800,2026-02-13 13:20:00,2,899.69,11.79497,0.01311003790192943,5.897485,,,0.0,0.0,,0.0,,,,0.0,,-0.0,,1345822_YES.csv,1345822_YES
1770989040,2026-02-13 13:24:00,1,1694.63,23.72482,0.013999999999991738,23.72482,,,0.0,0.0,,0.0,,,,0.0,,-0.0,,1345822_YES.csv,1345822_YES
1770989100,2026-02-13 13:25:00,1,1268.03,19.93848,0.0157239812938055,19.93848,,,0.0,0.0,,0.0,,,,0.0,,-0.0,,1345822_YES.csv,1345822_YES
1770989160,2026-02-13 13:26:00,3,1452.324,36.0,0.02478785725497562,12.0,,,0.0,0.0,,0.0,,,,0.0,,-0.0,,1345822_YES.csv,1345822_YES
1770989280,2026-02-13 13:28:00,2,30.44,0.73056,0.023999999999211565,0.36528,,,0.0,0.0,,0.0,,,,0.0,,-0.0,,1345822_YES.csv,1345822_YES
1770989400,2026-02-13 13:30:00,2,200.0,4.9,0.0244999999998775,2.45,,,0.0,0.0,,0.0,,,,0.0,,-0.0,,1345822_YES.csv,1345822_YES
1770989520,2026-02-13 13:32:00,1,412.32,6.40821,0.015541836437680508,6.40821,,,0.0,0.0,,0.0,,,,0.0,,-0.0,,1345822_YES.csv,1345822_YES
1770989580,2026-02-13 13:33:00,1,200.0,4.868,0.024339999999878303,4.868,,,0.0,0.0,,0.0,,,,0.0,,-0.0,,1345822_YES.csv,1345822_YES
1770989700,2026-02-13 13:35:00,1,100.0,2.4,0.023999999999759998,2.4,,,0.0,0.0,,0.0,,,,0.0,,-0.0,,1345822_YES.csv,1345822_YES
1770990060,2026-02-13 13:41:00,1,452.795833,10.0,0.02208500889622342,10.0,,,0.0,0.0,,0.0,,,,0.0,,-0.0,,1345822_YES.csv,1345822_YES
1770990120,2026-02-13 13:42:00,1,217.391304,5.0,0.023000000036694203,5.0,,,0.0,0.0,,0.0,,,,0.0,,-0.0,,1345822_YES.csv,1345822_YES
1770990180,2026-02-13 13:43:00,1,218.369565,5.0,0.022896963686203645,5.0,,,0.0,0.0,,0.0,,,,0.0,,-0.0,,1345822_YES.csv,1345822_YES
1770990240,2026-02-13 13:44:00,1,174.891304,4.0,0.022871348709122327,4.0,,,0.0,0.0,,0.0,,,,0.0,,-0.0,,1345822_YES.csv,1345822_YES
1770990300,2026-02-13 13:45:00,1,125.0,2.75,0.021999999999824,2.75,,,0.0,0.0,,0.0,,,,0.0,,-0.0,,1345822_YES.csv,1345822_YES
1770990360,2026-02-13 13:46:00,3,616.31,9.42545,0.01529335886158702,3.1418166666666667,,,0.0,0.0,,0.0,,,,0.0,,-0.0,,1345822_YES.csv,1345822_YES
1770990480,2026-02-13 13:48:00,2,424.25,7.75975,0.01829051266937345,3.879875,,,0.0,0.0,,0.0,,,,0.0,,-0.0,,1345822_YES.csv,1345822_YES
1770990540,2026-02-13 13:49:00,1,441.3375,8.0,0.018126717081557428,8.0,,,0.0,0.0,,0.0,,,,0.0,,-0.0,,1345822_YES.csv,1345822_YES
1770990840,2026-02-13 13:54:00,1,271.4,5.1,0.018791451731691965,5.1,,,0.0,0.0,,0.0,,,,0.0,,-0.0,,1345822_YES.csv,1345822_YES
1770990960,2026-02-13 13:56:00,1,138.082172,2.9999990000000003,0.021726186346331958,2.9999990000000003,,,0.0,0.0,,0.0,,,,0.0,,-0.0,,1345822_YES.csv,1345822_YES
1770991140,2026-02-13 13:59:00,1,133.0,2.128,0.0159999999998797,2.128,,,0.0,0.0,,0.0,,,,0.0,,-0.0,,1345822_YES.csv,1345822_YES
1770991320,2026-02-13 14:02:00,2,761.842043,13.799997999999999,0.018113988492470028,6.899998999999999,,,0.0,0.0,,0.0,,,,0.0,,-0.0,,1345822_YES.csv,1345822_YES
1770991560,2026-02-13 14:06:00,1,543.166428,7.42,0.01366063809817475,7.42,,,0.0,0.0,,0.0,,,,0.0,,-0.0,,1345822_YES.csv,1345822_YES
1770991620,2026-02-13 14:07:00,2,381.0,3.991,0.010475065616770406,1.9955,,,0.0,0.0,,0.0,,,,0.0,,-0.0,,1345822_YES.csv,1345822_YES
1770991680,2026-02-13 14:08:00,2,1201.0,15.013000000000002,0.012500416319723148,7.506500000000001,,,0.0,0.0,,0.0,,,,0.0,,-0.0,,1345822_YES.csv,1345822_YES
1770991800,2026-02-13 14:10:00,3,340.47,3.4047,0.009999999999970628,1.1349,,,0.0,0.0,,0.0,,,,0.0,,-0.0,,1345822_YES.csv,1345822_YES
1770991920,2026-02-13 14:12:00,4,1138.73,11.3873,0.009999999999991217,2.846825,,,0.0,0.0,,0.0,,,,0.0,,-0.0,,1345822_YES.csv,1345822_YES
1770992340,2026-02-13 14:19:00,2,163.69,1.80059,0.0109999999999328,0.900295,,,0.0,0.0,,0.0,,,,0.0,,-0.0,,1345822_YES.csv,1345822_YES
1770992580,2026-02-13 14:23:00,1,146.55,1.4655000000000002,0.009999999999931765,1.4655000000000002,,,0.0,0.0,,0.0,,,,0.0,,-0.0,,1345822_YES.csv,1345822_YES
1770992640,2026-02-13 14:24:00,1,1333.333332,16.0,0.012000000011991,16.0,,,0.0,0.0,,0.0,,,,0.0,,-0.0,,1345822_YES.csv,1345822_YES
1770992760,2026-02-13 14:26:00,1,300.0,3.6,0.011999999999960001,3.6,,,0.0,0.0,,0.0,,,,0.0,,-0.0,,1345822_YES.csv,1345822_YES
1770992940,2026-02-13 14:29:00,1,1513.364284,19.999999,0.013215588085060669,19.999999,,,0.0,0.0,,0.0,,,,0.0,,-0.0,,1345822_YES.csv,1345822_YES
1770993060,2026-02-13 14:31:00,1,1141.16,11.411600000000002,0.009999999999991238,11.411600000000002,,,0.0,0.0,,0.0,,,,0.0,,-0.0,,1345822_YES.csv,1345822_YES
1770993360,2026-02-13 14:36:00,3,700.0,8.313,0.01187571428569732,2.7710000000000004,,,0.0,0.0,,0.0,,,,0.0,,-0.0,,1345822_YES.csv,1345822_YES
1770993480,2026-02-13 14:38:00,1,500.0,6.5,0.012999999999974001,6.5,,,0.0,0.0,,0.0,,,,0.0,,-0.0,,1345822_YES.csv,1345822_YES
1770993600,2026-02-13 14:40:00,3,501.797333,7.125,0.014198959483082384,2.375,,,0.0,0.0,,0.0,,,,0.0,,-0.0,,1345822_YES.csv,1345822_YES
1770993660,2026-02-13 14:41:00,5,829.489375,12.50614,0.015076914035197756,2.5012280000000002,,,0.0,0.0,,0.0,,,,0.0,,-0.0,,1345822_YES.csv,1345822_YES
1770993720,2026-02-13 14:42:00,1,102.0,1.632,0.015999999999843136,1.632,,,0.0,0.0,,0.0,,,,0.0,,-0.0,,1345822_YES.csv,1345822_YES
1770993840,2026-02-13 14:44:00,1,150.0,1.8,0.011999999999920002,1.8,,,0.0,0.0,,0.0,,,,0.0,,-0.0,,1345822_YES.csv,1345822_YES
1770993900,2026-02-13 14:45:00,1,200.0,2.65,0.01324999999993375,2.65,,,0.0,0.0,,0.0,,,,0.0,,-0.0,,1345822_YES.csv,1345822_YES
1770993960,2026-02-13 14:46:00,1,102.133332,1.5,0.0146866842646954,1.5,,,0.0,0.0,,0.0,,,,0.0,,-0.0,,1345822_YES.csv,1345822_YES
1770994020,2026-02-13 14:47:00,7,3203.5764670000003,51.607898,0.016109463448616277,7.372556857142857,,,0.0,0.0,,0.0,,,,0.0,,-0.0,,1345822_YES.csv,1345822_YES
1770994080,2026-02-13 14:48:00,1,1297.85,22.06345,0.016999999999986904,22.06345,,,0.0,0.0,,0.0,,,,0.0,,-0.0,,1345822_YES.csv,1345822_YES
1770994140,2026-02-13 14:49:00,1,238.0,5.95,0.02499999999989496,5.95,,,0.0,0.0,,0.0,,,,0.0,,-0.0,,1345822_YES.csv,1345822_YES
1770994200,2026-02-13 14:50:00,2,316.463529,4.1200399999999995,0.013019004158254768,2.0600199999999997,,,0.0,0.0,,0.0,,,,0.0,,-0.0,,1345822_YES.csv,1345822_YES
1770994260,2026-02-13 14:51:00,1,626.875,10.0,0.015952143569266653,10.0,,,0.0,0.0,,0.0,,,,0.0,,-0.0,,1345822_YES.csv,1345822_YES
1770994380,2026-02-13 14:53:00,1,500.0,6.5,0.012999999999974001,6.5,,,0.0,0.0,,0.0,,,,0.0,,-0.0,,1345822_YES.csv,1345822_YES
1770994440,2026-02-13 14:54:00,1,201.5,4.0,0.019851116625211586,4.0,,,0.0,0.0,,0.0,,,,0.0,,-0.0,,1345822_YES.csv,1345822_YES
1770994560,2026-02-13 14:56:00,1,158.421051,3.009999,0.01899999388326867,3.009999,,,0.0,0.0,,0.0,,,,0.0,,-0.0,,1345822_YES.csv,1345822_YES
1770994680,2026-02-13 14:58:00,1,41.66,0.49992,0.011999999999711955,0.49992,,,0.0,0.0,,0.0,,,,0.0,,-0.0,,1345822_YES.csv,1345822_YES
1770994800,2026-02-13 15:00:00,1,147.058822,4.999999,0.033999993553368704,4.999999,,,0.0,0.0,,0.0,,,,0.0,,-0.0,,1345822_YES.csv,1345822_YES
1770994980,2026-02-13 15:03:00,1,250.0,10.0,0.039999999999840004,10.0,,,0.0,0.0,,0.0,,,,0.0,,-0.0,,1345822_YES.csv,1345822_YES
1770995160,2026-02-13 15:06:00,1,163.608887,4.999999000000001,0.03056068097309061,4.999999000000001,,,0.0,0.0,,0.0,,,,0.0,,-0.0,,1345822_YES.csv,1345822_YES
1770995220,2026-02-13 15:07:00,1,0.73,0.02555,0.0349999999520548,0.02555,,,0.0,0.0,,0.0,,,,0.0,,-0.0,,1345822_YES.csv,1345822_YES
1770995280,2026-02-13 15:08:00,2,1237.422776,23.744979,0.01918905927749042,11.8724895,,,0.0,0.0,,0.0,,,,0.0,,-0.0,,1345822_YES.csv,1345822_YES
1770995340,2026-02-13 15:09:00,1,179.97,2.87952,0.015999999999911096,2.87952,,,0.0,0.0,,0.0,,,,0.0,,-0.0,,1345822_YES.csv,1345822_YES
1770995400,2026-02-13 15:10:00,1,204.214614,9.999999,0.04896808707309761,9.999999,,,0.0,0.0,,0.0,,,,0.0,,-0.0,,1345822_YES.csv,1345822_YES
1770995460,2026-02-13 15:11:00,2,87.699163,5.1299980000000005,0.05849540433973699,2.5649990000000003,,,0.0,0.0,,0.0,,,,0.0,,-0.0,,1345822_YES.csv,1345822_YES
1770995520,2026-02-13 15:12:00,4,1321.604145,105.681049,0.07996422332643331,26.42026225,,,0.0,0.0,,0.0,,,,0.0,,-0.0,,1345822_YES.csv,1345822_YES
1770995580,2026-02-13 15:13:00,4,357.047893,22.488398999999998,0.06298426469061116,5.622099749999999,,,0.0,0.0,,0.0,,,,0.0,,-0.0,,1345822_YES.csv,1345822_YES
1770995640,2026-02-13 15:14:00,2,112.5,7.53125,0.06694444444384938,3.765625,,,0.0,0.0,,0.0,,,,0.0,,-0.0,,1345822_YES.csv,1345822_YES
1770995700,2026-02-13 15:15:00,2,89.968027,6.405729000000001,0.07120006088306009,3.2028645000000004,,,0.0,0.0,,0.0,,,,0.0,,-0.0,,1345822_YES.csv,1345822_YES
1770995760,2026-02-13 15:16:00,3,912.915071,40.852519,0.044749528513321236,13.617506333333333,,,0.0,0.0,,0.0,,,,0.0,,-0.0,,1345822_YES.csv,1345822_YES
1770995880,2026-02-13 15:18:00,2,3857.33,115.40989,0.02991963093641716,57.704945,,,0.0,0.0,,0.0,,,,0.0,,-0.0,,1345822_YES.csv,1345822_YES
1770995940,2026-02-13 15:19:00,1,516.99,11.58778,0.022413934505459646,11.58778,,,0.0,0.0,,0.0,,,,0.0,,-0.0,,1345822_YES.csv,1345822_YES
1770996000,2026-02-13 15:20:00,1,54.91,1.35384,0.024655618284016384,1.35384,,,0.0,0.0,,0.0,,,,0.0,,-0.0,,1345822_YES.csv,1345822_YES
1770996060,2026-02-13 15:21:00,3,909.8506110000001,33.002769,0.03627273378834239,11.000923,,,0.0,0.0,,0.0,,,,0.0,,-0.0,,1345822_YES.csv,1345822_YES
1770996180,2026-02-13 15:23:00,1,150.0,4.31,0.028733333333141747,4.31,,,0.0,0.0,,0.0,,,,0.0,,-0.0,,1345822_YES.csv,1345822_YES
1770996240,2026-02-13 15:24:00,2,82.521739,2.6799999999999997,0.03247629088339405,1.3399999999999999,,,0.0,0.0,,0.0,,,,0.0,,-0.0,,1345822_YES.csv,1345822_YES
1770996300,2026-02-13 15:25:00,8,8946.068697,520.1364540000001,0.0581413436020635,65.01705675000001,,,0.0,0.0,,0.0,,,,0.0,,-0.0,,1345822_YES.csv,1345822_YES
1770996360,2026-02-13 15:26:00,9,9201.850553999999,819.6420959999999,0.08907361526792196,91.071344,,,0.0,0.0,,0.0,,,,0.0,,-0.0,,1345822_YES.csv,1345822_YES
1770996420,2026-02-13 15:27:00,3,267.38,27.39562,0.10245949584822177,9.131873333333333,,,0.0,0.0,,0.0,,,,0.0,,-0.0,,1345822_YES.csv,1345822_YES
1770996480,2026-02-13 15:28:00,4,281.123011,28.709997,0.10212610094695468,7.17749925,,,0.0,0.0,,0.0,,,,0.0,,-0.0,,1345822_YES.csv,1345822_YES
1770996540,2026-02-13 15:29:00,4,70.09396100000001,6.7931989999999995,0.09691561017507748,1.6982997499999999,,,0.0,0.0,,0.0,,,,0.0,,-0.0,,1345822_YES.csv,1345822_YES
1770996600,2026-02-13 15:30:00,6,182.911135,22.642699,0.12379070853109195,3.7737831666666666,,,0.0,0.0,,0.0,,,,0.0,,-0.0,,1345822_YES.csv,1345822_YES
1770996660,2026-02-13 15:31:00,3,823.004461,115.42203899999998,0.14024473070244964,38.47401299999999,,,0.0,0.0,,0.0,,,,0.0,,-0.0,,1345822_YES.csv,1345822_YES
1770996720,2026-02-13 15:32:00,11,5827.394173,584.0972770000001,0.10023301318901529,53.09975245454546,,,0.0,0.0,,0.0,,,,0.0,,-0.0,,1345822_YES.csv,1345822_YES
1770996780,2026-02-13 15:33:00,30,18998.394605999998,3274.195656,0.17234064898124518,109.1398552,,,0.0,0.0,,0.0,,,,0.0,,-0.0,,1345822_YES.csv,1345822_YES
1770996840,2026-02-13 15:34:00,14,9680.801018,1544.5230119999999,0.15954496008419453,110.32307228571428,,,0.0,0.0,,0.0,,,,0.0,,-0.0,,1345822_YES.csv,1345822_YES
1770996900,2026-02-13 15:35:00,6,1643.875999,236.676437,0.1439746289524457,39.44607283333333,,,0.0,0.0,,0.0,,,,0.0,,-0.0,,1345822_YES.csv,1345822_YES
1770996960,2026-02-13 15:36:00,6,783.1262380000001,138.174598,0.17643975044521945,23.029099666666667,,,0.0,0.0,,0.0,,,,0.0,,-0.0,,1345822_YES.csv,1345822_YES
1770997020,2026-02-13 15:37:00,19,9360.764949,1563.751277,0.16705379159925243,82.3026987894737,,,0.0,0.0,,0.0,,,,0.0,,-0.0,,1345822_YES.csv,1345822_YES
1770997080,2026-02-13 15:38:00,21,9276.267067,1605.688106,0.1730963645615602,76.46133838095238,,,0.0,0.0,,0.0,,,,0.0,,-0.0,,1345822_YES.csv,1345822_YES
1770997140,2026-02-13 15:39:00,11,325.08428200000003,40.240954,0.12378621861476585,3.6582685454545456,,,0.0,0.0,,0.0,,,,0.0,,-0.0,,1345822_YES.csv,1345822_YES
1770997200,2026-02-13 15:40:00,4,383.255453,35.933929,0.09375973314567877,8.98348225,,,0.0,0.0,,0.0,,,,0.0,,-0.0,,1345822_YES.csv,1345822_YES
1770997260,2026-02-13 15:41:00,3,467.622978,57.231998000000004,0.12238919106297129,19.077332666666667,,,0.0,0.0,,0.0,,,,0.0,,-0.0,,1345822_YES.csv,1345822_YES
1770997320,2026-02-13 15:42:00,4,366.918718,40.480568000000005,0.11032570979355065,10.120142000000001,,,0.0,0.0,,0.0,,,,0.0,,-0.0,,1345822_YES.csv,1345822_YES
1770997500,2026-02-13 15:45:00,7,2425.402453,122.650068,0.05056895520503924,17.521438285714286,,,0.0,0.0,,0.0,,,,0.0,,-0.0,,1345822_YES.csv,1345822_YES
1770997560,2026-02-13 15:46:00,1,254.0,8.439,0.033224409448688,8.439,,,0.0,0.0,,0.0,,,,0.0,,-0.0,,1345822_YES.csv,1345822_YES
1770997620,2026-02-13 15:47:00,5,1757.1834829999998,84.871037,0.048299473459113805,16.9742074,,,0.0,0.0,,0.0,,,,0.0,,-0.0,,1345822_YES.csv,1345822_YES
1770997800,2026-02-13 15:50:00,1,93.090909,4.999999999999999,0.05371093755187503,4.999999999999999,,,0.0,0.0,,0.0,,,,0.0,,-0.0,,1345822_YES.csv,1345822_YES
1770997860,2026-02-13 15:51:00,2,1821.051203,110.629998,0.0607506245940187,55.314999,,,0.0,0.0,,0.0,,,,0.0,,-0.0,,1345822_YES.csv,1345822_YES
1770997920,2026-02-13 15:52:00,2,288.611108,20.779998,0.0719999938461412,10.389999,,,0.0,0.0,,0.0,,,,0.0,,-0.0,,1345822_YES.csv,1345822_YES
1770997980,2026-02-13 15:53:00,2,79.36,3.83776,0.048358870967132574,1.91888,,,0.0,0.0,,0.0,,,,0.0,,-0.0,,1345822_YES.csv,1345822_YES
1770998040,2026-02-13 15:54:00,4,263.962857,8.58442,0.0325213179518188,2.146105,,,0.0,0.0,,0.0,,,,0.0,,-0.0,,1345822_YES.csv,1345822_YES
1770998100,2026-02-13 15:55:00,3,94.65290300000001,4.9999970000000005,0.05282454992370568,1.6666656666666668,,,0.0,0.0,,0.0,,,,0.0,,-0.0,,1345822_YES.csv,1345822_YES
1770998220,2026-02-13 15:57:00,1,47.4,1.5168,0.031999999999324895,1.5168,,,0.0,0.0,,0.0,,,,0.0,,-0.0,,1345822_YES.csv,1345822_YES
1770998280,2026-02-13 15:58:00,1,25.641024,0.999999,0.038999963494476604,0.999999,,,0.0,0.0,,0.0,,,,0.0,,-0.0,,1345822_YES.csv,1345822_YES
1770998340,2026-02-13 15:59:00,3,650.9085239999999,21.309659,0.032738331446351215,7.103219666666667,,,0.0,0.0,,0.0,,,,0.0,,-0.0,,1345822_YES.csv,1345822_YES
1770998400,2026-02-13 16:00:00,12,773.9377020000001,34.943024,0.045149659862357784,2.9119186666666668,,,0.0,0.0,,0.0,,,,0.0,,-0.0,,1345822_YES.csv,1345822_YES
1770998460,2026-02-13 16:01:00,1,191.23,6.69305,0.03499999999981698,6.69305,,,0.0,0.0,,0.0,,,,0.0,,-0.0,,1345822_YES.csv,1345822_YES
1770998520,2026-02-13 16:02:00,14,1720.827961,87.50375400000001,0.05084979787816745,6.250268142857144,,,0.0,0.0,,0.0,,,,0.0,,-0.0,,1345822_YES.csv,1345822_YES
1770998580,2026-02-13 16:03:00,2,8.82,0.46746,0.05299999999399092,0.23373,,,0.0,0.0,,0.0,,,,0.0,,-0.0,,1345822_YES.csv,1345822_YES
1770998640,2026-02-13 16:04:00,2,175.14,10.193190000000001,0.058200239807821144,5.096595000000001,,,0.0,0.0,,0.0,,,,0.0,,-0.0,,1345822_YES.csv,1345822_YES
1770998700,2026-02-13 16:05:00,3,1140.721893,81.41737899999998,0.07137355695506804,27.139126333333326,,,0.0,0.0,,0.0,,,,0.0,,-0.0,,1345822_YES.csv,1345822_YES
1770998760,2026-02-13 16:06:00,2,113.890409,8.439999,0.07410631917149313,4.2199995,,,0.0,0.0,,0.0,,,,0.0,,-0.0,,1345822_YES.csv,1345822_YES
1770998820,2026-02-13 16:07:00,12,1294.826996,109.53504500000001,0.08459434761423168,9.127920416666667,,,0.0,0.0,,0.0,,,,0.0,,-0.0,,1345822_YES.csv,1345822_YES
1770998880,2026-02-13 16:08:00,20,793.814029,74.801781,0.09423086298202187,3.7400890500000004,,,0.0,0.0,,0.0,,,,0.0,,-0.0,,1345822_YES.csv,1345822_YES
1770998940,2026-02-13 16:09:00,10,570.323084,58.321564,0.10226057060649807,5.832156400000001,,,0.0,0.0,,0.0,,,,0.0,,-0.0,,1345822_YES.csv,1345822_YES
1770999000,2026-02-13 16:10:00,9,1354.407114,81.569944,0.060225572619031345,9.063327111111112,,,0.0,0.0,,0.0,,,,0.0,,-0.0,,1345822_YES.csv,1345822_YES
1770999060,2026-02-13 16:11:00,3,102.68,7.80752,0.07603739773981262,2.6025066666666667,,,0.0,0.0,,0.0,,,,0.0,,-0.0,,1345822_YES.csv,1345822_YES
1770999120,2026-02-13 16:12:00,2,70.0,2.95,0.0421428571422551,1.475,,,0.0,0.0,,0.0,,,,0.0,,-0.0,,1345822_YES.csv,1345822_YES
1770999180,2026-02-13 16:13:00,13,375.474249,23.024143,0.06132016526102344,1.771087923076923,,,0.0,0.0,,0.0,,,,0.0,,-0.0,,1345822_YES.csv,1345822_YES
1770999240,2026-02-13 16:14:00,13,824.528157,66.655096,0.08084029081849675,5.127315076923077,,,0.0,0.0,,0.0,,,,0.0,,-0.0,,1345822_YES.csv,1345822_YES
1770999300,2026-02-13 16:15:00,19,889.5126359999999,68.970471,0.07753737070006325,3.6300247894736843,,,0.0,0.0,,0.0,,,,0.0,,-0.0,,1345822_YES.csv,1345822_YES
1770999360,2026-02-13 16:16:00,12,1303.727631,102.005295,0.07824126188203932,8.50044125,,,0.0,0.0,,0.0,,,,0.0,,-0.0,,1345822_YES.csv,1345822_YES
1770999420,2026-02-13 16:17:00,5,1138.6846930000002,83.136768,0.07301122822762574,16.6273536,,,0.0,0.0,,0.0,,,,0.0,,-0.0,,1345822_YES.csv,1345822_YES
1770999480,2026-02-13 16:18:00,5,2337.604298,138.15111600000003,0.05909944472558498,27.630223200000007,,,0.0,0.0,,0.0,,,,0.0,,-0.0,,1345822_YES.csv,1345822_YES
1770999540,2026-02-13 16:19:00,2,258.0,19.070999999999998,0.07391860465087621,9.535499999999999,,,0.0,0.0,,0.0,,,,0.0,,-0.0,,1345822_YES.csv,1345822_YES
1770999600,2026-02-13 16:20:00,5,398.837128,21.772757,0.05459059719220874,4.3545514,,,0.0,0.0,,0.0,,,,0.0,,-0.0,,1345822_YES.csv,1345822_YES
1770999660,2026-02-13 16:21:00,2,69.197677,3.448959,0.04984212114447364,1.7244795,,,0.0,0.0,,0.0,,,,0.0,,-0.0,,1345822_YES.csv,1345822_YES
1770999720,2026-02-13 16:22:00,2,798.856121,33.013999,0.04132658952231859,16.5069995,,,0.0,0.0,,0.0,,,,0.0,,-0.0,,1345822_YES.csv,1345822_YES
1770999780,2026-02-13 16:23:00,1,21.739129,0.999999,0.0459999570338811,0.999999,,,0.0,0.0,,0.0,,,,0.0,,-0.0,,1345822_YES.csv,1345822_YES
1770999840,2026-02-13 16:24:00,1,65.21739,2.9999989999999994,0.04599998558596096,2.9999989999999994,,,0.0,0.0,,0.0,,,,0.0,,-0.0,,1345822_YES.csv,1345822_YES
1770999900,2026-02-13 16:25:00,1,1495.914628,75.94999899999999,0.05077161328483856,75.94999899999999,,,0.0,0.0,,0.0,,,,0.0,,-0.0,,1345822_YES.csv,1345822_YES
1770999960,2026-02-13 16:26:00,1,87.269136,4.999999,0.05729401285630578,4.999999,,,0.0,0.0,,0.0,,,,0.0,,-0.0,,1345822_YES.csv,1345822_YES
1771000020,2026-02-13 16:27:00,2,116.591895,6.379999,0.05472077625932124,3.1899995,,,0.0,0.0,,0.0,,,,0.0,,-0.0,,1345822_YES.csv,1345822_YES
1771000140,2026-02-13 16:29:00,3,93.456594,4.320279,0.046227653020971114,1.440093,,,0.0,0.0,,0.0,,,,0.0,,-0.0,,1345822_YES.csv,1345822_YES
1771000200,2026-02-13 16:30:00,3,414.023188,12.248868000000002,0.029584980636327047,4.082956,,,0.0,0.0,,0.0,,,,0.0,,-0.0,,1345822_YES.csv,1345822_YES
1771000260,2026-02-13 16:31:00,3,141.53,4.05552,0.028654843495876093,1.35184,,,0.0,0.0,,0.0,,,,0.0,,-0.0,,1345822_YES.csv,1345822_YES
1771000320,2026-02-13 16:32:00,33,11772.328606000001,1251.038814,0.10626944386875821,37.91026709090909,,,0.0,0.0,,0.0,,,,0.0,,-0.0,,1345822_YES.csv,1345822_YES
1771000380,2026-02-13 16:33:00,10,11092.571958,1178.751358,0.10626492777896962,117.8751358,,,0.0,0.0,,0.0,,,,0.0,,-0.0,,1345822_YES.csv,1345822_YES
1771000440,2026-02-13 16:34:00,6,1408.480137,113.866118,0.08084325437662816,18.977686333333335,,,0.0,0.0,,0.0,,,,0.0,,-0.0,,1345822_YES.csv,1345822_YES
1771000500,2026-02-13 16:35:00,3,34.120177,2.4361990000000002,0.07140053816041456,0.8120663333333334,,,0.0,0.0,,0.0,,,,0.0,,-0.0,,1345822_YES.csv,1345822_YES
1771000560,2026-02-13 16:36:00,10,1841.31783,126.865447,0.06889926602184211,12.6865447,,,0.0,0.0,,0.0,,,,0.0,,-0.0,,1345822_YES.csv,1345822_YES
1771000620,2026-02-13 16:37:00,4,2042.582607,121.555499,0.05951068935149336,30.38887475,,,0.0,0.0,,0.0,,,,0.0,,-0.0,,1345822_YES.csv,1345822_YES
1771000680,2026-02-13 16:38:00,3,333.90060300000005,21.649997999999997,0.06483964930106802,7.216665999999999,,,0.0,0.0,,0.0,,,,0.0,,-0.0,,1345822_YES.csv,1345822_YES
1771000740,2026-02-13 16:39:00,8,1786.7795219999998,120.320108,0.06733909053605812,15.0400135,,,0.0,0.0,,0.0,,,,0.0,,-0.0,,1345822_YES.csv,1345822_YES
1771000800,2026-02-13 16:40:00,3,133.6,9.059349999999998,0.0678095059875164,3.019783333333333,,,0.0,0.0,,0.0,,,,0.0,,-0.0,,1345822_YES.csv,1345822_YES
1771000860,2026-02-13 16:41:00,1,355.61,16.39327,0.04609901296351026,16.39327,,,0.0,0.0,,0.0,,,,0.0,,-0.0,,1345822_YES.csv,1345822_YES
1771000920,2026-02-13 16:42:00,4,709.48,19.01691,0.02680401138858484,4.7542275,,,0.0,0.0,,0.0,,,,0.0,,-0.0,,1345822_YES.csv,1345822_YES
1771000980,2026-02-13 16:43:00,38,1977.208107,53.656335,0.027137424133560288,1.4120088157894737,,,0.0,0.0,,0.0,,,,0.0,,-0.0,,1345822_YES.csv,1345822_YES
1771001040,2026-02-13 16:44:00,20,3856.4877890000002,175.911583,0.0456144535195245,8.79557915,,,0.0,0.0,,0.0,,,,0.0,,-0.0,,1345822_YES.csv,1345822_YES
1771001100,2026-02-13 16:45:00,4,5206.53,96.79372000000001,0.018590831129366638,24.198430000000002,,,0.0,0.0,,0.0,,,,0.0,,-0.0,,1345822_YES.csv,1345822_YES
1771001160,2026-02-13 16:46:00,3,471.398929,7.623478,0.016172030802352133,2.5411593333333333,,,0.0,0.0,,0.0,,,,0.0,,-0.0,,1345822_YES.csv,1345822_YES
1771001220,2026-02-13 16:47:00,4,1673.0533320000002,11.725349,0.007008353395391285,2.93133725,,,0.0,0.0,,0.0,,,,0.0,,-0.0,,1345822_YES.csv,1345822_YES
1771001280,2026-02-13 16:48:00,8,7398.624114,32.858508,0.004441164667065492,4.1073135,,,0.0,0.0,,0.0,,,,0.0,,-0.0,,1345822_YES.csv,1345822_YES
1771001340,2026-02-13 16:49:00,1,126.5625,1.0,0.00790123456783877,1.0,,,0.0,0.0,,0.0,,,,0.0,,-0.0,,1345822_YES.csv,1345822_YES
1771001400,2026-02-13 16:50:00,2,2765.158,8.96961,0.0032437965570129043,4.484805,,,0.0,0.0,,0.0,,,,0.0,,-0.0,,1345822_YES.csv,1345822_YES
1771001460,2026-02-13 16:51:00,6,7699.746666,16.97435,0.002204533569260389,2.8290583333333337,,,0.0,0.0,,0.0,,,,0.0,,-0.0,,1345822_YES.csv,1345822_YES
1771001520,2026-02-13 16:52:00,4,1755.3799999999999,2.99538,0.0017063997538984685,0.748845,,,0.0,0.0,,0.0,,,,0.0,,-0.0,,1345822_YES.csv,1345822_YES
1771001580,2026-02-13 16:53:00,1,103.41,0.10341,0.0009999999999903298,0.10341,,,0.0,0.0,,0.0,,,,0.0,,-0.0,,1345822_YES.csv,1345822_YES
1771001700,2026-02-13 16:55:00,4,6029.3,7.0293,0.0011658567329538808,1.757325,,,0.0,0.0,,0.0,,,,0.0,,-0.0,,1345822_YES.csv,1345822_YES
1771001820,2026-02-13 16:57:00,1,1000.0,1.0,0.000999999999999,1.0,,,0.0,0.0,,0.0,,,,0.0,,-0.0,,1345822_YES.csv,1345822_YES
1771002360,2026-02-13 17:06:00,1,1000.0,1.0,0.000999999999999,1.0,,,0.0,0.0,,0.0,,,,0.0,,-0.0,,1345822_YES.csv,1345822_YES
1771003560,2026-02-13 17:26:00,1,1000.0,1.0,0.000999999999999,1.0,,,0.0,0.0,,0.0,,,,0.0,,-0.0,,1345822_YES.csv,1345822_YES
1771004100,2026-02-13 17:35:00,1,100.0,0.1,0.00099999999999,0.1,,,0.0,0.0,,0.0,,,,0.0,,-0.0,,1345822_YES.csv,1345822_YES
1771005660,2026-02-13 18:01:00,1,1000.0,1.0,0.000999999999999,1.0,,,0.0,0.0,,0.0,,,,0.0,,-0.0,,1345822_YES.csv,1345822_YES
1771006920,2026-02-13 18:22:00,2,24000.0,24.0,0.0009999999999999584,12.0,,,0.0,0.0,,0.0,,,,0.0,,-0.0,,1345822_YES.csv,1345822_YES
1771010820,2026-02-13 19:27:00,1,5000.0,5.0,0.0009999999999997999,5.0,,0.0005,0.0,0.0,0.001,2.0,0.0,589979.35,589979.35,0.0,-1.0,-0.0,1.0,1345822_YES.csv,1345822_YES
1771011120,2026-02-13 19:32:00,1,1000.0,1.0,0.000999999999999,1.0,,0.0005,0.0,0.0,0.001,2.0,0.0,589979.35,589979.35,0.0,-1.0,-0.0,1.0,1345822_YES.csv,1345822_YES
1771011420,2026-02-13 19:37:00,1,1000.0,1.0,0.000999999999999,1.0,,0.0005,0.0,0.0,0.001,2.0,0.0,589979.35,589979.35,0.0,-1.0,-0.0,1.0,1345822_YES.csv,1345822_YES
